dataset,horse_id,history_index,column,legacy_value,pi_value,diff_abs,diff_pct,cause,join_key
runners,2022103522,,odds,14.3,,,,netkeiba_spec_difference,2022103522
runners,2022103522,,popularity,5,,,,netkeiba_spec_difference,2022103522
runners,2022104781,,odds,43.7,,,,netkeiba_spec_difference,2022104781
runners,2022104781,,popularity,10,,,,netkeiba_spec_difference,2022104781
runners,2022102532,,odds,188.1,,,,netkeiba_spec_difference,2022102532
runners,2022102532,,popularity,12,,,,netkeiba_spec_difference,2022102532
runners,2022104635,,odds,2.3,,,,netkeiba_spec_difference,2022104635
runners,2022104635,,popularity,1,,,,netkeiba_spec_difference,2022104635
runners,2022106772,,odds,42.0,,,,netkeiba_spec_difference,2022106772
runners,2022106772,,popularity,9,,,,netkeiba_spec_difference,2022106772
runners,2022106825,,odds,5.2,,,,netkeiba_spec_difference,2022106825
runners,2022106825,,popularity,3,,,,netkeiba_spec_difference,2022106825
runners,2022100781,,odds,4.6,,,,netkeiba_spec_difference,2022100781
runners,2022100781,,popularity,2,,,,netkeiba_spec_difference,2022100781
runners,2021106826,,odds,33.1,,,,netkeiba_spec_difference,2021106826
runners,2021106826,,popularity,8,,,,netkeiba_spec_difference,2021106826
runners,2017101772,,odds,24.8,,,,netkeiba_spec_difference,2017101772
runners,2017101772,,popularity,6,,,,netkeiba_spec_difference,2017101772
runners,2022104669,,odds,5.7,,,,netkeiba_spec_difference,2022104669
runners,2022104669,,popularity,4,,,,netkeiba_spec_difference,2022104669
runners,2022103405,,odds,79.0,,,,netkeiba_spec_difference,2022103405
runners,2022103405,,popularity,11,,,,netkeiba_spec_difference,2022103405
runners,2021105375,,odds,25.4,,,,netkeiba_spec_difference,2021105375
runners,2021105375,,popularity,7,,,,netkeiba_spec_difference,2021105375
horse_history_raw,2021106826,0.0,odds_today,51.7,,,,netkeiba_spec_difference,2021106826|20260628|松島特別(2勝クラス)
horse_history_raw,2021106826,0.0,popularity_today,8.0,,,,netkeiba_spec_difference,2021106826|20260628|松島特別(2勝クラス)
horse_history_raw,2021106826,1.0,odds_today,51.7,,,,netkeiba_spec_difference,2021106826|20260516|調布特別(2勝クラス)
horse_history_raw,2021106826,1.0,popularity_today,8.0,,,,netkeiba_spec_difference,2021106826|20260516|調布特別(2勝クラス)
horse_history_raw,2021106826,2.0,odds_today,51.7,,,,netkeiba_spec_difference,2021106826|20260419|野島崎特別(2勝クラス)
horse_history_raw,2021106826,2.0,popularity_today,8.0,,,,netkeiba_spec_difference,2021106826|20260419|野島崎特別(2勝クラス)
horse_history_raw,2021106826,3.0,odds_today,51.7,,,,netkeiba_spec_difference,2021106826|20260321|館山特別(2勝クラス)
horse_history_raw,2021106826,3.0,popularity_today,8.0,,,,netkeiba_spec_difference,2021106826|20260321|館山特別(2勝クラス)
horse_history_raw,2021106826,4.0,odds_today,51.7,,,,netkeiba_spec_difference,2021106826|20260228|別府特別(2勝クラス)
horse_history_raw,2021106826,4.0,popularity_today,8.0,,,,netkeiba_spec_difference,2021106826|20260228|別府特別(2勝クラス)
horse_history_raw,2021106826,5.0,odds_today,51.7,,,,netkeiba_spec_difference,2021106826|20260105|逢坂山特別(2勝クラス)
horse_history_raw,2021106826,5.0,popularity_today,8.0,,,,netkeiba_spec_difference,2021106826|20260105|逢坂山特別(2勝クラス)
horse_history_raw,2021106826,6.0,odds_today,51.7,,,,netkeiba_spec_difference,2021106826|20251213|3歳以上2勝クラス
horse_history_raw,2021106826,6.0,popularity_today,8.0,,,,netkeiba_spec_difference,2021106826|20251213|3歳以上2勝クラス
horse_history_raw,2021106826,7.0,odds_today,51.7,,,,netkeiba_spec_difference,2021106826|20251124|五色沼特別(2勝クラス)
horse_history_raw,2021106826,7.0,popularity_today,8.0,,,,netkeiba_spec_difference,2021106826|20251124|五色沼特別(2勝クラス)
horse_history_raw,2021106826,8.0,odds_today,51.7,,,,netkeiba_spec_difference,2021106826|20250809|藻岩山特別(2勝クラス)
horse_history_raw,2021106826,8.0,popularity_today,8.0,,,,netkeiba_spec_difference,2021106826|20250809|藻岩山特別(2勝クラス)
horse_history_raw,2021106826,9.0,odds_today,51.7,,,,netkeiba_spec_difference,2021106826|20250802|釧路湿原特別(2勝クラス)
horse_history_raw,2021106826,9.0,popularity_today,8.0,,,,netkeiba_spec_difference,2021106826|20250802|釧路湿原特別(2勝クラス)
horse_history_raw,2021106826,10.0,odds_today,51.7,,,,netkeiba_spec_difference,2021106826|20250719|かもめ島特別(2勝クラス)
horse_history_raw,2021106826,10.0,popularity_today,8.0,,,,netkeiba_spec_difference,2021106826|20250719|かもめ島特別(2勝クラス)
horse_history_raw,2021106826,11.0,odds_today,51.7,,,,netkeiba_spec_difference,2021106826|20250628|洞爺湖特別(2勝クラス)
horse_history_raw,2021106826,11.0,popularity_today,8.0,,,,netkeiba_spec_difference,2021106826|20250628|洞爺湖特別(2勝クラス)
horse_history_raw,2021106826,12.0,odds_today,51.7,,,,netkeiba_spec_difference,2021106826|20250330|四国新聞杯(2勝クラス)
horse_history_raw,2021106826,12.0,popularity_today,8.0,,,,netkeiba_spec_difference,2021106826|20250330|四国新聞杯(2勝クラス)
horse_history_raw,2021106826,13.0,odds_today,51.7,,,,netkeiba_spec_difference,2021106826|20250302|富里特別(2勝クラス)
horse_history_raw,2021106826,13.0,popularity_today,8.0,,,,netkeiba_spec_difference,2021106826|20250302|富里特別(2勝クラス)
horse_history_raw,2021106826,14.0,odds_today,51.7,,,,netkeiba_spec_difference,2021106826|20250215|太宰府特別(2勝クラス)
horse_history_raw,2021106826,14.0,popularity_today,8.0,,,,netkeiba_spec_difference,2021106826|20250215|太宰府特別(2勝クラス)
horse_history_raw,2021106826,15.0,odds_today,51.7,,,,netkeiba_spec_difference,2021106826|20241110|3歳以上1勝クラス
horse_history_raw,2021106826,15.0,popularity_today,8.0,,,,netkeiba_spec_difference,2021106826|20241110|3歳以上1勝クラス
horse_history_raw,2021106826,16.0,odds_today,51.7,,,,netkeiba_spec_difference,2021106826|20241014|3歳以上1勝クラス
horse_history_raw,2021106826,16.0,popularity_today,8.0,,,,netkeiba_spec_difference,2021106826|20241014|3歳以上1勝クラス
horse_history_raw,2021106826,17.0,odds_today,51.7,,,,netkeiba_spec_difference,2021106826|20240921|3歳以上1勝クラス
horse_history_raw,2021106826,17.0,popularity_today,8.0,,,,netkeiba_spec_difference,2021106826|20240921|3歳以上1勝クラス
horse_history_raw,2021106826,18.0,odds_today,51.7,,,,netkeiba_spec_difference,2021106826|20240706|若戸大橋特別(1勝クラス)
horse_history_raw,2021106826,18.0,popularity_today,8.0,,,,netkeiba_spec_difference,2021106826|20240706|若戸大橋特別(1勝クラス)
horse_history_raw,2021106826,19.0,odds_today,51.7,,,,netkeiba_spec_difference,2021106826|20240615|3歳以上1勝クラス
horse_history_raw,2021106826,19.0,popularity_today,8.0,,,,netkeiba_spec_difference,2021106826|20240615|3歳以上1勝クラス
horse_history_raw,2021106826,20.0,odds_today,51.7,,,,netkeiba_spec_difference,2021106826|20240518|カーネーションC(1勝クラス)
horse_history_raw,2021106826,20.0,popularity_today,8.0,,,,netkeiba_spec_difference,2021106826|20240518|カーネーションC(1勝クラス)
horse_history_raw,2021106826,21.0,odds_today,51.7,,,,netkeiba_spec_difference,2021106826|20240427|矢車賞(1勝クラス)
horse_history_raw,2021106826,21.0,popularity_today,8.0,,,,netkeiba_spec_difference,2021106826|20240427|矢車賞(1勝クラス)
horse_history_raw,2021106826,22.0,odds_today,51.7,,,,netkeiba_spec_difference,2021106826|20240203|3歳未勝利
horse_history_raw,2021106826,22.0,popularity_today,8.0,,,,netkeiba_spec_difference,2021106826|20240203|3歳未勝利
horse_history_raw,2021106826,23.0,odds_today,51.7,,,,netkeiba_spec_difference,2021106826|20240114|3歳未勝利
horse_history_raw,2021106826,23.0,popularity_today,8.0,,,,netkeiba_spec_difference,2021106826|20240114|3歳未勝利
horse_history_raw,2021106826,24.0,odds_today,51.7,,,,netkeiba_spec_difference,2021106826|20231217|2歳未勝利
horse_history_raw,2021106826,24.0,popularity_today,8.0,,,,netkeiba_spec_difference,2021106826|20231217|2歳未勝利
horse_history_raw,2021106826,25.0,odds_today,51.7,,,,netkeiba_spec_difference,2021106826|20231126|2歳新馬
horse_history_raw,2021106826,25.0,popularity_today,8.0,,,,netkeiba_spec_difference,2021106826|20231126|2歳新馬
horse_history_raw,2022100781,0.0,odds_today,3.6,,,,netkeiba_spec_difference,2022100781|20260516|石打特別(1勝クラス)
horse_history_raw,2022100781,0.0,popularity_today,2.0,,,,netkeiba_spec_difference,2022100781|20260516|石打特別(1勝クラス)
horse_history_raw,2022100781,1.0,odds_today,3.6,,,,netkeiba_spec_difference,2022100781|20260418|桑折特別(1勝クラス)
horse_history_raw,2022100781,1.0,popularity_today,2.0,,,,netkeiba_spec_difference,2022100781|20260418|桑折特別(1勝クラス)
horse_history_raw,2022100781,2.0,odds_today,3.6,,,,netkeiba_spec_difference,2022100781|20260321|4歳以上1勝クラス
horse_history_raw,2022100781,2.0,popularity_today,2.0,,,,netkeiba_spec_difference,2022100781|20260321|4歳以上1勝クラス
horse_history_raw,2022100781,3.0,odds_today,3.6,,,,netkeiba_spec_difference,2022100781|20260222|4歳以上1勝クラス
horse_history_raw,2022100781,3.0,popularity_today,2.0,,,,netkeiba_spec_difference,2022100781|20260222|4歳以上1勝クラス
horse_history_raw,2022100781,4.0,odds_today,3.6,,,,netkeiba_spec_difference,2022100781|20251122|高湯温泉特別(1勝クラス)
horse_history_raw,2022100781,4.0,popularity_today,2.0,,,,netkeiba_spec_difference,2022100781|20251122|高湯温泉特別(1勝クラス)
horse_history_raw,2022100781,5.0,odds_today,3.6,,,,netkeiba_spec_difference,2022100781|20250920|3歳以上1勝クラス
horse_history_raw,2022100781,5.0,popularity_today,2.0,,,,netkeiba_spec_difference,2022100781|20250920|3歳以上1勝クラス
horse_history_raw,2022100781,6.0,odds_today,3.6,,,,netkeiba_spec_difference,2022100781|20250803|3歳以上1勝クラス
horse_history_raw,2022100781,6.0,popularity_today,2.0,,,,netkeiba_spec_difference,2022100781|20250803|3歳以上1勝クラス
horse_history_raw,2022100781,7.0,odds_today,3.6,,,,netkeiba_spec_difference,2022100781|20250420|3歳未勝利
horse_history_raw,2022100781,7.0,popularity_today,2.0,,,,netkeiba_spec_difference,2022100781|20250420|3歳未勝利
horse_history_raw,2022100781,8.0,odds_today,3.6,,,,netkeiba_spec_difference,2022100781|20250223|3歳未勝利
horse_history_raw,2022100781,8.0,popularity_today,2.0,,,,netkeiba_spec_difference,2022100781|20250223|3歳未勝利
horse_history_raw,2022100781,9.0,odds_today,3.6,,,,netkeiba_spec_difference,2022100781|20241208|2歳未勝利
horse_history_raw,2022100781,9.0,popularity_today,2.0,,,,netkeiba_spec_difference,2022100781|20241208|2歳未勝利
horse_history_raw,2022100781,10.0,odds_today,3.6,,,,netkeiba_spec_difference,2022100781|20241109|2歳未勝利
horse_history_raw,2022100781,10.0,popularity_today,2.0,,,,netkeiba_spec_difference,2022100781|20241109|2歳未勝利
horse_history_raw,2022100781,11.0,odds_today,3.6,,,,netkeiba_spec_difference,2022100781|20241013|2歳新馬
horse_history_raw,2022100781,11.0,popularity_today,2.0,,,,netkeiba_spec_difference,2022100781|20241013|2歳新馬
horse_history_raw,2022104635,0.0,odds_today,2.3,,,,netkeiba_spec_difference,2022104635|20260531|青嵐賞(2勝クラス)
horse_history_raw,2022104635,0.0,popularity_today,1.0,,,,netkeiba_spec_difference,2022104635|20260531|青嵐賞(2勝クラス)
horse_history_raw,2022104635,1.0,odds_today,2.3,,,,netkeiba_spec_difference,2022104635|20260411|明石特別(2勝クラス)
horse_history_raw,2022104635,1.0,popularity_today,1.0,,,,netkeiba_spec_difference,2022104635|20260411|明石特別(2勝クラス)
horse_history_raw,2022104635,2.0,odds_today,2.3,,,,netkeiba_spec_difference,2022104635|20260214|箱根特別(2勝クラス)
horse_history_raw,2022104635,2.0,popularity_today,1.0,,,,netkeiba_spec_difference,2022104635|20260214|箱根特別(2勝クラス)
horse_history_raw,2022104635,3.0,odds_today,2.3,,,,netkeiba_spec_difference,2022104635|20251124|南武特別(2勝クラス)
horse_history_raw,2022104635,3.0,popularity_today,1.0,,,,netkeiba_spec_difference,2022104635|20251124|南武特別(2勝クラス)
horse_history_raw,2022104635,4.0,odds_today,2.3,,,,netkeiba_spec_difference,2022104635|20251012|3歳以上1勝クラス
horse_history_raw,2022104635,4.0,popularity_today,1.0,,,,netkeiba_spec_difference,2022104635|20251012|3歳以上1勝クラス
horse_history_raw,2022104635,5.0,odds_today,2.3,,,,netkeiba_spec_difference,2022104635|20250208|3歳未勝利
horse_history_raw,2022104635,5.0,popularity_today,1.0,,,,netkeiba_spec_difference,2022104635|20250208|3歳未勝利
horse_history_raw,2022104635,6.0,odds_today,2.3,,,,netkeiba_spec_difference,2022104635|20250118|3歳未勝利
horse_history_raw,2022104635,6.0,popularity_today,1.0,,,,netkeiba_spec_difference,2022104635|20250118|3歳未勝利
horse_history_raw,2022104635,7.0,odds_today,2.3,,,,netkeiba_spec_difference,2022104635|20241123|2歳未勝利
horse_history_raw,2022104635,7.0,popularity_today,1.0,,,,netkeiba_spec_difference,2022104635|20241123|2歳未勝利
horse_history_raw,2022104635,8.0,odds_today,2.3,,,,netkeiba_spec_difference,2022104635|20241026|2歳新馬
horse_history_raw,2022104635,8.0,popularity_today,1.0,,,,netkeiba_spec_difference,2022104635|20241026|2歳新馬
horse_history_raw,2022106825,0.0,odds_today,5.7,,,,netkeiba_spec_difference,2022106825|20260628|松島特別(2勝クラス)
horse_history_raw,2022106825,0.0,popularity_today,4.0,,,,netkeiba_spec_difference,2022106825|20260628|松島特別(2勝クラス)
horse_history_raw,2022106825,1.0,odds_today,5.7,,,,netkeiba_spec_difference,2022106825|20260524|国分寺特別(2勝クラス)
horse_history_raw,2022106825,1.0,popularity_today,4.0,,,,netkeiba_spec_difference,2022106825|20260524|国分寺特別(2勝クラス)
horse_history_raw,2022106825,2.0,odds_today,5.7,,,,netkeiba_spec_difference,2022106825|20260502|胎内川特別(2勝クラス)
horse_history_raw,2022106825,2.0,popularity_today,4.0,,,,netkeiba_spec_difference,2022106825|20260502|胎内川特別(2勝クラス)
horse_history_raw,2022106825,3.0,odds_today,5.7,,,,netkeiba_spec_difference,2022106825|20260412|4歳以上1勝クラス
horse_history_raw,2022106825,3.0,popularity_today,4.0,,,,netkeiba_spec_difference,2022106825|20260412|4歳以上1勝クラス
horse_history_raw,2022106825,4.0,odds_today,5.7,,,,netkeiba_spec_difference,2022106825|20260322|4歳以上1勝クラス
horse_history_raw,2022106825,4.0,popularity_today,4.0,,,,netkeiba_spec_difference,2022106825|20260322|4歳以上1勝クラス
horse_history_raw,2022106825,5.0,odds_today,5.7,,,,netkeiba_spec_difference,2022106825|20251214|3歳以上1勝クラス
horse_history_raw,2022106825,5.0,popularity_today,4.0,,,,netkeiba_spec_difference,2022106825|20251214|3歳以上1勝クラス
horse_history_raw,2022106825,6.0,odds_today,5.7,,,,netkeiba_spec_difference,2022106825|20251122|3歳以上1勝クラス
horse_history_raw,2022106825,6.0,popularity_today,4.0,,,,netkeiba_spec_difference,2022106825|20251122|3歳以上1勝クラス
horse_history_raw,2022106825,7.0,odds_today,5.7,,,,netkeiba_spec_difference,2022106825|20251018|岩船特別(1勝クラス)
horse_history_raw,2022106825,7.0,popularity_today,4.0,,,,netkeiba_spec_difference,2022106825|20251018|岩船特別(1勝クラス)
horse_history_raw,2022106825,8.0,odds_today,5.7,,,,netkeiba_spec_difference,2022106825|20250920|3歳以上1勝クラス
horse_history_raw,2022106825,8.0,popularity_today,4.0,,,,netkeiba_spec_difference,2022106825|20250920|3歳以上1勝クラス
horse_history_raw,2022106825,9.0,odds_today,5.7,,,,netkeiba_spec_difference,2022106825|20250713|織姫賞(1勝クラス)
horse_history_raw,2022106825,9.0,popularity_today,4.0,,,,netkeiba_spec_difference,2022106825|20250713|織姫賞(1勝クラス)
horse_history_raw,2022106825,10.0,odds_today,5.7,,,,netkeiba_spec_difference,2022106825|20250621|3歳以上1勝クラス
horse_history_raw,2022106825,10.0,popularity_today,4.0,,,,netkeiba_spec_difference,2022106825|20250621|3歳以上1勝クラス
horse_history_raw,2022106825,11.0,odds_today,5.7,,,,netkeiba_spec_difference,2022106825|20250524|カーネーションC(1勝クラス)
horse_history_raw,2022106825,11.0,popularity_today,4.0,,,,netkeiba_spec_difference,2022106825|20250524|カーネーションC(1勝クラス)
horse_history_raw,2022106825,12.0,odds_today,5.7,,,,netkeiba_spec_difference,2022106825|20250202|セントポーリア賞(1勝クラス)
horse_history_raw,2022106825,12.0,popularity_today,4.0,,,,netkeiba_spec_difference,2022106825|20250202|セントポーリア賞(1勝クラス)
horse_history_raw,2022106825,13.0,odds_today,5.7,,,,netkeiba_spec_difference,2022106825|20241110|黄菊賞(1勝クラス)
horse_history_raw,2022106825,13.0,popularity_today,4.0,,,,netkeiba_spec_difference,2022106825|20241110|黄菊賞(1勝クラス)
horse_history_raw,2022106825,14.0,odds_today,5.7,,,,netkeiba_spec_difference,2022106825|20241019|アイビーS(L)
horse_history_raw,2022106825,14.0,popularity_today,4.0,,,,netkeiba_spec_difference,2022106825|20241019|アイビーS(L)
horse_history_raw,2022106825,15.0,odds_today,5.7,,,,netkeiba_spec_difference,2022106825|20240804|2歳未勝利
horse_history_raw,2022106825,15.0,popularity_today,4.0,,,,netkeiba_spec_difference,2022106825|20240804|2歳未勝利
horse_history_raw,2022106825,16.0,odds_today,5.7,,,,netkeiba_spec_difference,2022106825|20240714|2歳新馬
horse_history_raw,2022106825,16.0,popularity_today,4.0,,,,netkeiba_spec_difference,2022106825|20240714|2歳新馬
horse_history_raw,2017101772,0.0,odds_today,24.8,,,,netkeiba_spec_difference,2017101772|20260719|猪苗代特別(2勝クラス)
horse_history_raw,2017101772,0.0,popularity_today,6.0,,,,netkeiba_spec_difference,2017101772|20260719|猪苗代特別(2勝クラス)
horse_history_raw,2017101772,1.0,odds_today,24.8,,,,netkeiba_spec_difference,2017101772|20260607|三木特別(2勝クラス)
horse_history_raw,2017101772,1.0,popularity_today,6.0,,,,netkeiba_spec_difference,2017101772|20260607|三木特別(2勝クラス)
horse_history_raw,2017101772,2.0,odds_today,24.8,,,,netkeiba_spec_difference,2017101772|20260412|4歳以上2勝クラス
horse_history_raw,2017101772,2.0,popularity_today,6.0,,,,netkeiba_spec_difference,2017101772|20260412|4歳以上2勝クラス
horse_history_raw,2017101772,3.0,odds_today,24.8,,,,netkeiba_spec_difference,2017101772|20260208|由布院特別(2勝クラス)
horse_history_raw,2017101772,3.0,popularity_today,6.0,,,,netkeiba_spec_difference,2017101772|20260208|由布院特別(2勝クラス)
horse_history_raw,2017101772,4.0,odds_today,24.8,,,,netkeiba_spec_difference,2017101772|20251214|霞ヶ浦特別(2勝クラス)
horse_history_raw,2017101772,4.0,popularity_today,6.0,,,,netkeiba_spec_difference,2017101772|20251214|霞ヶ浦特別(2勝クラス)
horse_history_raw,2017101772,5.0,odds_today,24.8,,,,netkeiba_spec_difference,2017101772|20250706|白河特別(2勝クラス)
horse_history_raw,2017101772,5.0,popularity_today,6.0,,,,netkeiba_spec_difference,2017101772|20250706|白河特別(2勝クラス)
horse_history_raw,2017101772,6.0,odds_today,24.8,,,,netkeiba_spec_difference,2017101772|20250426|石和特別(2勝クラス)
horse_history_raw,2017101772,6.0,popularity_today,6.0,,,,netkeiba_spec_difference,2017101772|20250426|石和特別(2勝クラス)
horse_history_raw,2017101772,7.0,odds_today,24.8,,,,netkeiba_spec_difference,2017101772|20250413|鹿野山特別(2勝クラス)
horse_history_raw,2017101772,7.0,popularity_today,6.0,,,,netkeiba_spec_difference,2017101772|20250413|鹿野山特別(2勝クラス)
horse_history_raw,2017101772,8.0,odds_today,24.8,,,,netkeiba_spec_difference,2017101772|20250302|富里特別(2勝クラス)
horse_history_raw,2017101772,8.0,popularity_today,6.0,,,,netkeiba_spec_difference,2017101772|20250302|富里特別(2勝クラス)
horse_history_raw,2017101772,9.0,odds_today,24.8,,,,netkeiba_spec_difference,2017101772|20250125|東雲賞(2勝クラス)
horse_history_raw,2017101772,9.0,popularity_today,6.0,,,,netkeiba_spec_difference,2017101772|20250125|東雲賞(2勝クラス)
horse_history_raw,2017101772,10.0,odds_today,24.8,,,,netkeiba_spec_difference,2017101772|20240824|五頭連峰特別(2勝クラス)
horse_history_raw,2017101772,10.0,popularity_today,6.0,,,,netkeiba_spec_difference,2017101772|20240824|五頭連峰特別(2勝クラス)
horse_history_raw,2017101772,11.0,odds_today,24.8,,,,netkeiba_spec_difference,2017101772|20240623|八ヶ岳特別(2勝クラス)
horse_history_raw,2017101772,11.0,popularity_today,6.0,,,,netkeiba_spec_difference,2017101772|20240623|八ヶ岳特別(2勝クラス)
horse_history_raw,2017101772,12.0,odds_today,24.8,,,,netkeiba_spec_difference,2017101772|20240519|調布特別(2勝クラス)
horse_history_raw,2017101772,12.0,popularity_today,6.0,,,,netkeiba_spec_difference,2017101772|20240519|調布特別(2勝クラス)
horse_history_raw,2017101772,13.0,odds_today,24.8,,,,netkeiba_spec_difference,2017101772|20230930|障害3歳以上未勝利
horse_history_raw,2017101772,13.0,popularity_today,6.0,,,,netkeiba_spec_difference,2017101772|20230930|障害3歳以上未勝利
horse_history_raw,2017101772,14.0,odds_today,24.8,,,,netkeiba_spec_difference,2017101772|20230723|白河特別(2勝クラス)
horse_history_raw,2017101772,14.0,popularity_today,6.0,,,,netkeiba_spec_difference,2017101772|20230723|白河特別(2勝クラス)
horse_history_raw,2017101772,15.0,odds_today,24.8,,,,netkeiba_spec_difference,2017101772|20230708|猪苗代特別(2勝クラス)
horse_history_raw,2017101772,15.0,popularity_today,6.0,,,,netkeiba_spec_difference,2017101772|20230708|猪苗代特別(2勝クラス)
horse_history_raw,2017101772,16.0,odds_today,24.8,,,,netkeiba_spec_difference,2017101772|20230409|鹿野山特別(2勝クラス)
horse_history_raw,2017101772,16.0,popularity_today,6.0,,,,netkeiba_spec_difference,2017101772|20230409|鹿野山特別(2勝クラス)
horse_history_raw,2017101772,17.0,odds_today,24.8,,,,netkeiba_spec_difference,2017101772|20230225|富里特別(2勝クラス)
horse_history_raw,2017101772,17.0,popularity_today,6.0,,,,netkeiba_spec_difference,2017101772|20230225|富里特別(2勝クラス)
horse_history_raw,2017101772,18.0,odds_today,24.8,,,,netkeiba_spec_difference,2017101772|20230121|東雲賞(2勝クラス)
horse_history_raw,2017101772,18.0,popularity_today,6.0,,,,netkeiba_spec_difference,2017101772|20230121|東雲賞(2勝クラス)
horse_history_raw,2017101772,19.0,odds_today,24.8,,,,netkeiba_spec_difference,2017101772|20221127|オリエンタル賞(2勝クラス)
horse_history_raw,2017101772,19.0,popularity_today,6.0,,,,netkeiba_spec_difference,2017101772|20221127|オリエンタル賞(2勝クラス)
horse_history_raw,2017101772,20.0,odds_today,24.8,,,,netkeiba_spec_difference,2017101772|20221002|茨城新聞杯(2勝クラス)
horse_history_raw,2017101772,20.0,popularity_today,6.0,,,,netkeiba_spec_difference,2017101772|20221002|茨城新聞杯(2勝クラス)
horse_history_raw,2017101772,21.0,odds_today,24.8,,,,netkeiba_spec_difference,2017101772|20220911|白井特別(2勝クラス)
horse_history_raw,2017101772,21.0,popularity_today,6.0,,,,netkeiba_spec_difference,2017101772|20220911|白井特別(2勝クラス)
horse_history_raw,2017101772,22.0,odds_today,24.8,,,,netkeiba_spec_difference,2017101772|20220730|豊栄特別(2勝クラス)
horse_history_raw,2017101772,22.0,popularity_today,6.0,,,,netkeiba_spec_difference,2017101772|20220730|豊栄特別(2勝クラス)
horse_history_raw,2017101772,23.0,odds_today,24.8,,,,netkeiba_spec_difference,2017101772|20220709|須賀川特別(1勝クラス)
horse_history_raw,2017101772,23.0,popularity_today,6.0,,,,netkeiba_spec_difference,2017101772|20220709|須賀川特別(1勝クラス)
horse_history_raw,2017101772,24.0,odds_today,24.8,,,,netkeiba_spec_difference,2017101772|20220521|栃尾特別(1勝クラス)
horse_history_raw,2017101772,24.0,popularity_today,6.0,,,,netkeiba_spec_difference,2017101772|20220521|栃尾特別(1勝クラス)
horse_history_raw,2017101772,25.0,odds_today,24.8,,,,netkeiba_spec_difference,2017101772|20220430|浄土平特別(1勝クラス)
horse_history_raw,2017101772,25.0,popularity_today,6.0,,,,netkeiba_spec_difference,2017101772|20220430|浄土平特別(1勝クラス)
horse_history_raw,2017101772,26.0,odds_today,24.8,,,,netkeiba_spec_difference,2017101772|20220123|八幡特別(1勝クラス)
horse_history_raw,2017101772,26.0,popularity_today,6.0,,,,netkeiba_spec_difference,2017101772|20220123|八幡特別(1勝クラス)
horse_history_raw,2017101772,27.0,odds_today,24.8,,,,netkeiba_spec_difference,2017101772|20211113|3歳以上1勝クラス
horse_history_raw,2017101772,27.0,popularity_today,6.0,,,,netkeiba_spec_difference,2017101772|20211113|3歳以上1勝クラス
horse_history_raw,2017101772,28.0,odds_today,24.8,,,,netkeiba_spec_difference,2017101772|20211106|飯坂温泉特別(1勝クラス)
horse_history_raw,2017101772,28.0,popularity_today,6.0,,,,netkeiba_spec_difference,2017101772|20211106|飯坂温泉特別(1勝クラス)
horse_history_raw,2017101772,29.0,odds_today,24.8,,,,netkeiba_spec_difference,2017101772|20210919|3歳以上1勝クラス
horse_history_raw,2017101772,29.0,popularity_today,6.0,,,,netkeiba_spec_difference,2017101772|20210919|3歳以上1勝クラス
horse_history_raw,2017101772,30.0,odds_today,24.8,,,,netkeiba_spec_difference,2017101772|20210704|3歳以上1勝クラス
horse_history_raw,2017101772,30.0,popularity_today,6.0,,,,netkeiba_spec_difference,2017101772|20210704|3歳以上1勝クラス
horse_history_raw,2017101772,31.0,odds_today,24.8,,,,netkeiba_spec_difference,2017101772|20210509|4歳以上1勝クラス
horse_history_raw,2017101772,31.0,popularity_today,6.0,,,,netkeiba_spec_difference,2017101772|20210509|4歳以上1勝クラス
horse_history_raw,2017101772,32.0,odds_today,24.8,,,,netkeiba_spec_difference,2017101772|20210327|4歳以上1勝クラス
horse_history_raw,2017101772,32.0,popularity_today,6.0,,,,netkeiba_spec_difference,2017101772|20210327|4歳以上1勝クラス
horse_history_raw,2017101772,33.0,odds_today,24.8,,,,netkeiba_spec_difference,2017101772|20201208|C2四組
horse_history_raw,2017101772,33.0,popularity_today,6.0,,,,netkeiba_spec_difference,2017101772|20201208|C2四組
horse_history_raw,2017101772,34.0,odds_today,24.8,,,,netkeiba_spec_difference,2017101772|20201130|C2四組
horse_history_raw,2017101772,34.0,popularity_today,6.0,,,,netkeiba_spec_difference,2017101772|20201130|C2四組
horse_history_raw,2017101772,35.0,odds_today,24.8,,,,netkeiba_spec_difference,2017101772|20201107|C2九組
horse_history_raw,2017101772,35.0,popularity_today,6.0,,,,netkeiba_spec_difference,2017101772|20201107|C2九組
horse_history_raw,2017101772,36.0,odds_today,24.8,,,,netkeiba_spec_difference,2017101772|20201017|C2十一組
horse_history_raw,2017101772,36.0,popularity_today,6.0,,,,netkeiba_spec_difference,2017101772|20201017|C2十一組
horse_history_raw,2017101772,37.0,odds_today,24.8,,,,netkeiba_spec_difference,2017101772|20200906|3歳未勝利
horse_history_raw,2017101772,37.0,popularity_today,6.0,,,,netkeiba_spec_difference,2017101772|20200906|3歳未勝利
horse_history_raw,2017101772,38.0,odds_today,24.8,,,,netkeiba_spec_difference,2017101772|20200822|3歳未勝利
horse_history_raw,2017101772,38.0,popularity_today,6.0,,,,netkeiba_spec_difference,2017101772|20200822|3歳未勝利
horse_history_raw,2017101772,39.0,odds_today,24.8,,,,netkeiba_spec_difference,2017101772|20200718|3歳未勝利
horse_history_raw,2017101772,39.0,popularity_today,6.0,,,,netkeiba_spec_difference,2017101772|20200718|3歳未勝利
horse_history_raw,2017101772,40.0,odds_today,24.8,,,,netkeiba_spec_difference,2017101772|20200411|3歳未勝利
horse_history_raw,2017101772,40.0,popularity_today,6.0,,,,netkeiba_spec_difference,2017101772|20200411|3歳未勝利
horse_history_raw,2021105375,0.0,odds_today,25.4,,,,netkeiba_spec_difference,2021105375|20260719|猪苗代特別(2勝クラス)
horse_history_raw,2021105375,0.0,popularity_today,7.0,,,,netkeiba_spec_difference,2021105375|20260719|猪苗代特別(2勝クラス)
horse_history_raw,2021105375,1.0,odds_today,25.4,,,,netkeiba_spec_difference,2021105375|20260517|信濃川特別(2勝クラス)
horse_history_raw,2021105375,1.0,popularity_today,7.0,,,,netkeiba_spec_difference,2021105375|20260517|信濃川特別(2勝クラス)
horse_history_raw,2021105375,2.0,odds_today,25.4,,,,netkeiba_spec_difference,2021105375|20260301|富里特別(2勝クラス)
horse_history_raw,2021105375,2.0,popularity_today,7.0,,,,netkeiba_spec_difference,2021105375|20260301|富里特別(2勝クラス)
horse_history_raw,2021105375,3.0,odds_today,25.4,,,,netkeiba_spec_difference,2021105375|20260201|4歳以上2勝クラス
horse_history_raw,2021105375,3.0,popularity_today,7.0,,,,netkeiba_spec_difference,2021105375|20260201|4歳以上2勝クラス
horse_history_raw,2021105375,4.0,odds_today,25.4,,,,netkeiba_spec_difference,2021105375|20251221|名古屋日刊スポーツ杯(2勝クラス)
horse_history_raw,2021105375,4.0,popularity_today,7.0,,,,netkeiba_spec_difference,2021105375|20251221|名古屋日刊スポーツ杯(2勝クラス)
horse_history_raw,2021105375,5.0,odds_today,25.4,,,,netkeiba_spec_difference,2021105375|20251026|村上特別(2勝クラス)
horse_history_raw,2021105375,5.0,popularity_today,7.0,,,,netkeiba_spec_difference,2021105375|20251026|村上特別(2勝クラス)
horse_history_raw,2021105375,6.0,odds_today,25.4,,,,netkeiba_spec_difference,2021105375|20251004|八ヶ岳特別(2勝クラス)
horse_history_raw,2021105375,6.0,popularity_today,7.0,,,,netkeiba_spec_difference,2021105375|20251004|八ヶ岳特別(2勝クラス)
horse_history_raw,2021105375,7.0,odds_today,25.4,,,,netkeiba_spec_difference,2021105375|20250830|札幌日刊スポーツ杯(2勝クラス)
horse_history_raw,2021105375,7.0,popularity_today,7.0,,,,netkeiba_spec_difference,2021105375|20250830|札幌日刊スポーツ杯(2勝クラス)
horse_history_raw,2021105375,8.0,odds_today,25.4,,,,netkeiba_spec_difference,2021105375|20250628|洞爺湖特別(2勝クラス)
horse_history_raw,2021105375,8.0,popularity_today,7.0,,,,netkeiba_spec_difference,2021105375|20250628|洞爺湖特別(2勝クラス)
horse_history_raw,2021105375,9.0,odds_today,25.4,,,,netkeiba_spec_difference,2021105375|20250518|信濃川特別(2勝クラス)
horse_history_raw,2021105375,9.0,popularity_today,7.0,,,,netkeiba_spec_difference,2021105375|20250518|信濃川特別(2勝クラス)
horse_history_raw,2021105375,10.0,odds_today,25.4,,,,netkeiba_spec_difference,2021105375|20250413|4歳以上1勝クラス
horse_history_raw,2021105375,10.0,popularity_today,7.0,,,,netkeiba_spec_difference,2021105375|20250413|4歳以上1勝クラス
horse_history_raw,2021105375,11.0,odds_today,25.4,,,,netkeiba_spec_difference,2021105375|20250223|4歳以上1勝クラス
horse_history_raw,2021105375,11.0,popularity_today,7.0,,,,netkeiba_spec_difference,2021105375|20250223|4歳以上1勝クラス
horse_history_raw,2021105375,12.0,odds_today,25.4,,,,netkeiba_spec_difference,2021105375|20250201|4歳以上1勝クラス
horse_history_raw,2021105375,12.0,popularity_today,7.0,,,,netkeiba_spec_difference,2021105375|20250201|4歳以上1勝クラス
horse_history_raw,2021105375,13.0,odds_today,25.4,,,,netkeiba_spec_difference,2021105375|20241228|3歳以上1勝クラス
horse_history_raw,2021105375,13.0,popularity_today,7.0,,,,netkeiba_spec_difference,2021105375|20241228|3歳以上1勝クラス
horse_history_raw,2021105375,14.0,odds_today,25.4,,,,netkeiba_spec_difference,2021105375|20241207|3歳以上1勝クラス
horse_history_raw,2021105375,14.0,popularity_today,7.0,,,,netkeiba_spec_difference,2021105375|20241207|3歳以上1勝クラス
horse_history_raw,2021105375,15.0,odds_today,25.4,,,,netkeiba_spec_difference,2021105375|20240831|瓢湖特別(1勝クラス)
horse_history_raw,2021105375,15.0,popularity_today,7.0,,,,netkeiba_spec_difference,2021105375|20240831|瓢湖特別(1勝クラス)
horse_history_raw,2021105375,16.0,odds_today,25.4,,,,netkeiba_spec_difference,2021105375|20240615|3歳以上1勝クラス
horse_history_raw,2021105375,16.0,popularity_today,7.0,,,,netkeiba_spec_difference,2021105375|20240615|3歳以上1勝クラス
horse_history_raw,2021105375,17.0,odds_today,25.4,,,,netkeiba_spec_difference,2021105375|20240512|3歳1勝クラス
horse_history_raw,2021105375,17.0,popularity_today,7.0,,,,netkeiba_spec_difference,2021105375|20240512|3歳1勝クラス
horse_history_raw,2021105375,18.0,odds_today,25.4,,,,netkeiba_spec_difference,2021105375|20240217|フリージア賞(1勝クラス)
horse_history_raw,2021105375,18.0,popularity_today,7.0,,,,netkeiba_spec_difference,2021105375|20240217|フリージア賞(1勝クラス)
horse_history_raw,2021105375,19.0,odds_today,25.4,,,,netkeiba_spec_difference,2021105375|20240114|京成杯(GIII)
horse_history_raw,2021105375,19.0,popularity_today,7.0,,,,netkeiba_spec_difference,2021105375|20240114|京成杯(GIII)
horse_history_raw,2021105375,20.0,odds_today,25.4,,,,netkeiba_spec_difference,2021105375|20231111|2歳新馬
horse_history_raw,2021105375,20.0,popularity_today,7.0,,,,netkeiba_spec_difference,2021105375|20231111|2歳新馬
horse_history_raw,2022102532,0.0,odds_today,188.1,,,,netkeiba_spec_difference,2022102532|20260719|猪苗代特別(2勝クラス)
horse_history_raw,2022102532,0.0,popularity_today,12.0,,,,netkeiba_spec_difference,2022102532|20260719|猪苗代特別(2勝クラス)
horse_history_raw,2022102532,1.0,odds_today,188.1,,,,netkeiba_spec_difference,2022102532|20260705|白河特別(2勝クラス)
horse_history_raw,2022102532,1.0,popularity_today,12.0,,,,netkeiba_spec_difference,2022102532|20260705|白河特別(2勝クラス)
horse_history_raw,2022102532,2.0,odds_today,188.1,,,,netkeiba_spec_difference,2022102532|20260614|逆瀬川特別(2勝クラス)
horse_history_raw,2022102532,2.0,popularity_today,12.0,,,,netkeiba_spec_difference,2022102532|20260614|逆瀬川特別(2勝クラス)
horse_history_raw,2022102532,3.0,odds_today,188.1,,,,netkeiba_spec_difference,2022102532|20260530|葉山特別(2勝クラス)
horse_history_raw,2022102532,3.0,popularity_today,12.0,,,,netkeiba_spec_difference,2022102532|20260530|葉山特別(2勝クラス)
horse_history_raw,2022102532,4.0,odds_today,188.1,,,,netkeiba_spec_difference,2022102532|20260307|千里山特別(2勝クラス)
horse_history_raw,2022102532,4.0,popularity_today,12.0,,,,netkeiba_spec_difference,2022102532|20260307|千里山特別(2勝クラス)
horse_history_raw,2022102532,5.0,odds_today,188.1,,,,netkeiba_spec_difference,2022102532|20260111|初咲賞(2勝クラス)
horse_history_raw,2022102532,5.0,popularity_today,12.0,,,,netkeiba_spec_difference,2022102532|20260111|初咲賞(2勝クラス)
horse_history_raw,2022102532,6.0,odds_today,188.1,,,,netkeiba_spec_difference,2022102532|20251227|3歳以上2勝クラス
horse_history_raw,2022102532,6.0,popularity_today,12.0,,,,netkeiba_spec_difference,2022102532|20251227|3歳以上2勝クラス
horse_history_raw,2022102532,7.0,odds_today,188.1,,,,netkeiba_spec_difference,2022102532|20251214|一宮特別(2勝クラス)
horse_history_raw,2022102532,7.0,popularity_today,12.0,,,,netkeiba_spec_difference,2022102532|20251214|一宮特別(2勝クラス)
horse_history_raw,2022102532,8.0,odds_today,188.1,,,,netkeiba_spec_difference,2022102532|20251106|堅守猛攻特別(B2B3)
horse_history_raw,2022102532,8.0,popularity_today,12.0,,,,netkeiba_spec_difference,2022102532|20251106|堅守猛攻特別(B2B3)
horse_history_raw,2022102532,9.0,odds_today,188.1,,,,netkeiba_spec_difference,2022102532|20251003|次開催は15年ぶりJ(B3)
horse_history_raw,2022102532,9.0,popularity_today,12.0,,,,netkeiba_spec_difference,2022102532|20251003|次開催は15年ぶりJ(B3)
horse_history_raw,2022102532,10.0,odds_today,188.1,,,,netkeiba_spec_difference,2022102532|20250926|紅葉月特別(B2B3)
horse_history_raw,2022102532,10.0,popularity_today,12.0,,,,netkeiba_spec_difference,2022102532|20250926|紅葉月特別(B2B3)
horse_history_raw,2022102532,11.0,odds_today,188.1,,,,netkeiba_spec_difference,2022102532|20250828|アレキサンドライトカ(OP)(3歳)
horse_history_raw,2022102532,11.0,popularity_today,12.0,,,,netkeiba_spec_difference,2022102532|20250828|アレキサンドライトカ(OP)(3歳)
horse_history_raw,2022102532,12.0,odds_today,188.1,,,,netkeiba_spec_difference,2022102532|20250509|たんぽぽ特別(3歳)
horse_history_raw,2022102532,12.0,popularity_today,12.0,,,,netkeiba_spec_difference,2022102532|20250509|たんぽぽ特別(3歳)
horse_history_raw,2022102532,13.0,odds_today,188.1,,,,netkeiba_spec_difference,2022102532|20250422|’25アヴニール賞(OP)(3歳)
horse_history_raw,2022102532,13.0,popularity_today,12.0,,,,netkeiba_spec_difference,2022102532|20250422|’25アヴニール賞(OP)(3歳)
horse_history_raw,2022102532,14.0,odds_today,188.1,,,,netkeiba_spec_difference,2022102532|20250401|チューリップ特別(3歳)
horse_history_raw,2022102532,14.0,popularity_today,12.0,,,,netkeiba_spec_difference,2022102532|20250401|チューリップ特別(3歳)
horse_history_raw,2022102532,15.0,odds_today,188.1,,,,netkeiba_spec_difference,2022102532|20250211|船橋フューチュリティ(3歳)
horse_history_raw,2022102532,15.0,popularity_today,12.0,,,,netkeiba_spec_difference,2022102532|20250211|船橋フューチュリティ(3歳)
horse_history_raw,2022102532,16.0,odds_today,188.1,,,,netkeiba_spec_difference,2022102532|20250121|メアリー賞(3歳)
horse_history_raw,2022102532,16.0,popularity_today,12.0,,,,netkeiba_spec_difference,2022102532|20250121|メアリー賞(3歳)
horse_history_raw,2022102532,17.0,odds_today,188.1,,,,netkeiba_spec_difference,2022102532|20241217|クラーベセクレタ・メ(2歳)
horse_history_raw,2022102532,17.0,popularity_today,12.0,,,,netkeiba_spec_difference,2022102532|20241217|クラーベセクレタ・メ(2歳)
horse_history_raw,2022102532,18.0,odds_today,188.1,,,,netkeiba_spec_difference,2022102532|20241126|プルザトリガー・メモ(2歳)
horse_history_raw,2022102532,18.0,popularity_today,12.0,,,,netkeiba_spec_difference,2022102532|20241126|プルザトリガー・メモ(2歳)
horse_history_raw,2022102532,19.0,odds_today,188.1,,,,netkeiba_spec_difference,2022102532|20240920|新生特別(2歳)
horse_history_raw,2022102532,19.0,popularity_today,12.0,,,,netkeiba_spec_difference,2022102532|20240920|新生特別(2歳)
horse_history_raw,2022102532,20.0,odds_today,188.1,,,,netkeiba_spec_difference,2022102532|20240826|リバーサイドアイドル(2歳)
horse_history_raw,2022102532,20.0,popularity_today,12.0,,,,netkeiba_spec_difference,2022102532|20240826|リバーサイドアイドル(2歳)
horse_history_raw,2022102532,21.0,odds_today,188.1,,,,netkeiba_spec_difference,2022102532|20240719|2歳三
horse_history_raw,2022102532,21.0,popularity_today,12.0,,,,netkeiba_spec_difference,2022102532|20240719|2歳三
horse_history_raw,2022102532,22.0,odds_today,188.1,,,,netkeiba_spec_difference,2022102532|20240630|アジサイデビュー(2歳)
horse_history_raw,2022102532,22.0,popularity_today,12.0,,,,netkeiba_spec_difference,2022102532|20240630|アジサイデビュー(2歳)
horse_history_raw,2022103405,0.0,odds_today,79.0,,,,netkeiba_spec_difference,2022103405|20260719|猪苗代特別(2勝クラス)
horse_history_raw,2022103405,0.0,popularity_today,11.0,,,,netkeiba_spec_difference,2022103405|20260719|猪苗代特別(2勝クラス)
horse_history_raw,2022103405,1.0,odds_today,79.0,,,,netkeiba_spec_difference,2022103405|20260705|白河特別(2勝クラス)
horse_history_raw,2022103405,1.0,popularity_today,11.0,,,,netkeiba_spec_difference,2022103405|20260705|白河特別(2勝クラス)
horse_history_raw,2022103405,2.0,odds_today,79.0,,,,netkeiba_spec_difference,2022103405|20260225|梅見月特別(B3)
horse_history_raw,2022103405,2.0,popularity_today,11.0,,,,netkeiba_spec_difference,2022103405|20260225|梅見月特別(B3)
horse_history_raw,2022103405,3.0,odds_today,79.0,,,,netkeiba_spec_difference,2022103405|20260209|アメジスト特別(B3)
horse_history_raw,2022103405,3.0,popularity_today,11.0,,,,netkeiba_spec_difference,2022103405|20260209|アメジスト特別(B3)
horse_history_raw,2022103405,4.0,odds_today,79.0,,,,netkeiba_spec_difference,2022103405|20260119|初夢特別(B3)
horse_history_raw,2022103405,4.0,popularity_today,11.0,,,,netkeiba_spec_difference,2022103405|20260119|初夢特別(B3)
horse_history_raw,2022103405,5.0,odds_today,79.0,,,,netkeiba_spec_difference,2022103405|20251208|柊特別(B3)
horse_history_raw,2022103405,5.0,popularity_today,11.0,,,,netkeiba_spec_difference,2022103405|20251208|柊特別(B3)
horse_history_raw,2022103405,6.0,odds_today,79.0,,,,netkeiba_spec_difference,2022103405|20250828|勇魚特別(B3)
horse_history_raw,2022103405,6.0,popularity_today,11.0,,,,netkeiba_spec_difference,2022103405|20250828|勇魚特別(B3)
horse_history_raw,2022103405,7.0,odds_today,79.0,,,,netkeiba_spec_difference,2022103405|20250730|ナティビット特別(3歳C1)
horse_history_raw,2022103405,7.0,popularity_today,11.0,,,,netkeiba_spec_difference,2022103405|20250730|ナティビット特別(3歳C1)
horse_history_raw,2022103405,8.0,odds_today,79.0,,,,netkeiba_spec_difference,2022103405|20250705|麻綿原特別(3歳)
horse_history_raw,2022103405,8.0,popularity_today,11.0,,,,netkeiba_spec_difference,2022103405|20250705|麻綿原特別(3歳)
horse_history_raw,2022103405,9.0,odds_today,79.0,,,,netkeiba_spec_difference,2022103405|20250618|青葉木菟特別(3歳)
horse_history_raw,2022103405,9.0,popularity_today,11.0,,,,netkeiba_spec_difference,2022103405|20250618|青葉木菟特別(3歳)
horse_history_raw,2022103405,10.0,odds_today,79.0,,,,netkeiba_spec_difference,2022103405|20250604|手賀沼特別(3歳)
horse_history_raw,2022103405,10.0,popularity_today,11.0,,,,netkeiba_spec_difference,2022103405|20250604|手賀沼特別(3歳)
horse_history_raw,2022103405,11.0,odds_today,79.0,,,,netkeiba_spec_difference,2022103405|20250513|大瑠璃賞(3歳)
horse_history_raw,2022103405,11.0,popularity_today,11.0,,,,netkeiba_spec_difference,2022103405|20250513|大瑠璃賞(3歳)
horse_history_raw,2022103405,12.0,odds_today,79.0,,,,netkeiba_spec_difference,2022103405|20250312|花見月特別(3歳)
horse_history_raw,2022103405,12.0,popularity_today,11.0,,,,netkeiba_spec_difference,2022103405|20250312|花見月特別(3歳)
horse_history_raw,2022103405,13.0,odds_today,79.0,,,,netkeiba_spec_difference,2022103405|20250225|3歳三
horse_history_raw,2022103405,13.0,popularity_today,11.0,,,,netkeiba_spec_difference,2022103405|20250225|3歳三
horse_history_raw,2022103405,14.0,odds_today,79.0,,,,netkeiba_spec_difference,2022103405|20241028|サンストーン特別(2歳)
horse_history_raw,2022103405,14.0,popularity_today,11.0,,,,netkeiba_spec_difference,2022103405|20241028|サンストーン特別(2歳)
horse_history_raw,2022103405,15.0,odds_today,79.0,,,,netkeiba_spec_difference,2022103405|20240923|2歳 二組下
horse_history_raw,2022103405,15.0,popularity_today,11.0,,,,netkeiba_spec_difference,2022103405|20240923|2歳 二組下
horse_history_raw,2022103405,16.0,odds_today,79.0,,,,netkeiba_spec_difference,2022103405|20240830|ハイビスカスデビュー(2歳)
horse_history_raw,2022103405,16.0,popularity_today,11.0,,,,netkeiba_spec_difference,2022103405|20240830|ハイビスカスデビュー(2歳)
horse_history_raw,2022103522,0.0,odds_today,14.3,,,,netkeiba_spec_difference,2022103522|20260719|猪苗代特別(2勝クラス)
horse_history_raw,2022103522,0.0,popularity_today,5.0,,,,netkeiba_spec_difference,2022103522|20260719|猪苗代特別(2勝クラス)
horse_history_raw,2022103522,1.0,odds_today,14.3,,,,netkeiba_spec_difference,2022103522|20260517|信濃川特別(2勝クラス)
horse_history_raw,2022103522,1.0,popularity_today,5.0,,,,netkeiba_spec_difference,2022103522|20260517|信濃川特別(2勝クラス)
horse_history_raw,2022103522,2.0,odds_today,14.3,,,,netkeiba_spec_difference,2022103522|20260426|比良山特別(2勝クラス)
horse_history_raw,2022103522,2.0,popularity_today,5.0,,,,netkeiba_spec_difference,2022103522|20260426|比良山特別(2勝クラス)
horse_history_raw,2022103522,3.0,odds_today,14.3,,,,netkeiba_spec_difference,2022103522|20260328|TAインディア賞(2勝クラス)
horse_history_raw,2022103522,3.0,popularity_today,5.0,,,,netkeiba_spec_difference,2022103522|20260328|TAインディア賞(2勝クラス)
horse_history_raw,2022103522,4.0,odds_today,14.3,,,,netkeiba_spec_difference,2022103522|20260314|茶臼山高原特別(2勝クラス)
horse_history_raw,2022103522,4.0,popularity_today,5.0,,,,netkeiba_spec_difference,2022103522|20260314|茶臼山高原特別(2勝クラス)
horse_history_raw,2022103522,5.0,odds_today,14.3,,,,netkeiba_spec_difference,2022103522|20260105|初日の出賞(2勝クラス)
horse_history_raw,2022103522,5.0,popularity_today,5.0,,,,netkeiba_spec_difference,2022103522|20260105|初日の出賞(2勝クラス)
horse_history_raw,2022103522,6.0,odds_today,14.3,,,,netkeiba_spec_difference,2022103522|20251214|一宮特別(2勝クラス)
horse_history_raw,2022103522,6.0,popularity_today,5.0,,,,netkeiba_spec_difference,2022103522|20251214|一宮特別(2勝クラス)
horse_history_raw,2022103522,7.0,odds_today,14.3,,,,netkeiba_spec_difference,2022103522|20251108|三春駒特別(1勝クラス)
horse_history_raw,2022103522,7.0,popularity_today,5.0,,,,netkeiba_spec_difference,2022103522|20251108|三春駒特別(1勝クラス)
horse_history_raw,2022103522,8.0,odds_today,14.3,,,,netkeiba_spec_difference,2022103522|20251018|岩船特別(1勝クラス)
horse_history_raw,2022103522,8.0,popularity_today,5.0,,,,netkeiba_spec_difference,2022103522|20251018|岩船特別(1勝クラス)
horse_history_raw,2022103522,9.0,odds_today,14.3,,,,netkeiba_spec_difference,2022103522|20250831|瓢湖特別(1勝クラス)
horse_history_raw,2022103522,9.0,popularity_today,5.0,,,,netkeiba_spec_difference,2022103522|20250831|瓢湖特別(1勝クラス)
horse_history_raw,2022103522,10.0,odds_today,14.3,,,,netkeiba_spec_difference,2022103522|20250803|燕特別(1勝クラス)
horse_history_raw,2022103522,10.0,popularity_today,5.0,,,,netkeiba_spec_difference,2022103522|20250803|燕特別(1勝クラス)
horse_history_raw,2022103522,11.0,odds_today,14.3,,,,netkeiba_spec_difference,2022103522|20250705|伊達特別(1勝クラス)
horse_history_raw,2022103522,11.0,popularity_today,5.0,,,,netkeiba_spec_difference,2022103522|20250705|伊達特別(1勝クラス)
horse_history_raw,2022103522,12.0,odds_today,14.3,,,,netkeiba_spec_difference,2022103522|20250419|ひめさゆり賞(1勝クラス)
horse_history_raw,2022103522,12.0,popularity_today,5.0,,,,netkeiba_spec_difference,2022103522|20250419|ひめさゆり賞(1勝クラス)
horse_history_raw,2022103522,13.0,odds_today,14.3,,,,netkeiba_spec_difference,2022103522|20250412|山藤賞(1勝クラス)
horse_history_raw,2022103522,13.0,popularity_today,5.0,,,,netkeiba_spec_difference,2022103522|20250412|山藤賞(1勝クラス)
horse_history_raw,2022103522,14.0,odds_today,14.3,,,,netkeiba_spec_difference,2022103522|20250323|3歳1勝クラス
horse_history_raw,2022103522,14.0,popularity_today,5.0,,,,netkeiba_spec_difference,2022103522|20250323|3歳1勝クラス
horse_history_raw,2022103522,15.0,odds_today,14.3,,,,netkeiba_spec_difference,2022103522|20241110|2歳未勝利
horse_history_raw,2022103522,15.0,popularity_today,5.0,,,,netkeiba_spec_difference,2022103522|20241110|2歳未勝利
horse_history_raw,2022103522,16.0,odds_today,14.3,,,,netkeiba_spec_difference,2022103522|20240928|2歳未勝利
horse_history_raw,2022103522,16.0,popularity_today,5.0,,,,netkeiba_spec_difference,2022103522|20240928|2歳未勝利
horse_history_raw,2022103522,17.0,odds_today,14.3,,,,netkeiba_spec_difference,2022103522|20240915|2歳未勝利
horse_history_raw,2022103522,17.0,popularity_today,5.0,,,,netkeiba_spec_difference,2022103522|20240915|2歳未勝利
horse_history_raw,2022103522,18.0,odds_today,14.3,,,,netkeiba_spec_difference,2022103522|20240901|2歳未勝利
horse_history_raw,2022103522,18.0,popularity_today,5.0,,,,netkeiba_spec_difference,2022103522|20240901|2歳未勝利
horse_history_raw,2022103522,19.0,odds_today,14.3,,,,netkeiba_spec_difference,2022103522|20240720|2歳未勝利
horse_history_raw,2022103522,19.0,popularity_today,5.0,,,,netkeiba_spec_difference,2022103522|20240720|2歳未勝利
horse_history_raw,2022103522,20.0,odds_today,14.3,,,,netkeiba_spec_difference,2022103522|20240706|2歳新馬
horse_history_raw,2022103522,20.0,popularity_today,5.0,,,,netkeiba_spec_difference,2022103522|20240706|2歳新馬
horse_history_raw,2022104669,0.0,odds_today,5.7,,,,netkeiba_spec_difference,2022104669|20260719|猪苗代特別(2勝クラス)
horse_history_raw,2022104669,0.0,popularity_today,4.0,,,,netkeiba_spec_difference,2022104669|20260719|猪苗代特別(2勝クラス)
horse_history_raw,2022104669,1.0,odds_today,5.7,,,,netkeiba_spec_difference,2022104669|20260509|鴨川特別(2勝クラス)
horse_history_raw,2022104669,1.0,popularity_today,4.0,,,,netkeiba_spec_difference,2022104669|20260509|鴨川特別(2勝クラス)
horse_history_raw,2022104669,2.0,odds_today,5.7,,,,netkeiba_spec_difference,2022104669|20260228|別府特別(2勝クラス)
horse_history_raw,2022104669,2.0,popularity_today,4.0,,,,netkeiba_spec_difference,2022104669|20260228|別府特別(2勝クラス)
horse_history_raw,2022104669,3.0,odds_today,5.7,,,,netkeiba_spec_difference,2022104669|20260201|4歳以上1勝クラス
horse_history_raw,2022104669,3.0,popularity_today,4.0,,,,netkeiba_spec_difference,2022104669|20260201|4歳以上1勝クラス
horse_history_raw,2022104669,4.0,odds_today,5.7,,,,netkeiba_spec_difference,2022104669|20251221|3歳以上1勝クラス
horse_history_raw,2022104669,4.0,popularity_today,4.0,,,,netkeiba_spec_difference,2022104669|20251221|3歳以上1勝クラス
horse_history_raw,2022104669,5.0,odds_today,5.7,,,,netkeiba_spec_difference,2022104669|20250810|3歳未勝利
horse_history_raw,2022104669,5.0,popularity_today,4.0,,,,netkeiba_spec_difference,2022104669|20250810|3歳未勝利
horse_history_raw,2022104669,6.0,odds_today,5.7,,,,netkeiba_spec_difference,2022104669|20250720|3歳未勝利
horse_history_raw,2022104669,6.0,popularity_today,4.0,,,,netkeiba_spec_difference,2022104669|20250720|3歳未勝利
horse_history_raw,2022104669,7.0,odds_today,5.7,,,,netkeiba_spec_difference,2022104669|20250628|3歳未勝利
horse_history_raw,2022104669,7.0,popularity_today,4.0,,,,netkeiba_spec_difference,2022104669|20250628|3歳未勝利
horse_history_raw,2022104669,8.0,odds_today,5.7,,,,netkeiba_spec_difference,2022104669|20250302|3歳未勝利
horse_history_raw,2022104669,8.0,popularity_today,4.0,,,,netkeiba_spec_difference,2022104669|20250302|3歳未勝利
horse_history_raw,2022104669,9.0,odds_today,5.7,,,,netkeiba_spec_difference,2022104669|20241215|2歳新馬
horse_history_raw,2022104669,9.0,popularity_today,4.0,,,,netkeiba_spec_difference,2022104669|20241215|2歳新馬
horse_history_raw,2022104781,0.0,odds_today,43.7,,,,netkeiba_spec_difference,2022104781|20260719|猪苗代特別(2勝クラス)
horse_history_raw,2022104781,0.0,popularity_today,10.0,,,,netkeiba_spec_difference,2022104781|20260719|猪苗代特別(2勝クラス)
horse_history_raw,2022104781,1.0,odds_today,43.7,,,,netkeiba_spec_difference,2022104781|20260523|4歳以上2勝クラス
horse_history_raw,2022104781,1.0,popularity_today,10.0,,,,netkeiba_spec_difference,2022104781|20260523|4歳以上2勝クラス
horse_history_raw,2022104781,2.0,odds_today,43.7,,,,netkeiba_spec_difference,2022104781|20260314|房総特別(2勝クラス)
horse_history_raw,2022104781,2.0,popularity_today,10.0,,,,netkeiba_spec_difference,2022104781|20260314|房総特別(2勝クラス)
horse_history_raw,2022104781,3.0,odds_today,43.7,,,,netkeiba_spec_difference,2022104781|20260301|富里特別(2勝クラス)
horse_history_raw,2022104781,3.0,popularity_today,10.0,,,,netkeiba_spec_difference,2022104781|20260301|富里特別(2勝クラス)
horse_history_raw,2022104781,4.0,odds_today,43.7,,,,netkeiba_spec_difference,2022104781|20251122|3歳以上2勝クラス
horse_history_raw,2022104781,4.0,popularity_today,10.0,,,,netkeiba_spec_difference,2022104781|20251122|3歳以上2勝クラス
horse_history_raw,2022104781,5.0,odds_today,43.7,,,,netkeiba_spec_difference,2022104781|20251018|3歳以上2勝クラス
horse_history_raw,2022104781,5.0,popularity_today,10.0,,,,netkeiba_spec_difference,2022104781|20251018|3歳以上2勝クラス
horse_history_raw,2022104781,6.0,odds_today,43.7,,,,netkeiba_spec_difference,2022104781|20250525|優駿牝馬(GI)
horse_history_raw,2022104781,6.0,popularity_today,10.0,,,,netkeiba_spec_difference,2022104781|20250525|優駿牝馬(GI)
horse_history_raw,2022104781,7.0,odds_today,43.7,,,,netkeiba_spec_difference,2022104781|20250427|サンスポ賞フローラS(GII)
horse_history_raw,2022104781,7.0,popularity_today,10.0,,,,netkeiba_spec_difference,2022104781|20250427|サンスポ賞フローラS(GII)
horse_history_raw,2022104781,8.0,odds_today,43.7,,,,netkeiba_spec_difference,2022104781|20250322|フラワーC(GIII)
horse_history_raw,2022104781,8.0,popularity_today,10.0,,,,netkeiba_spec_difference,2022104781|20250322|フラワーC(GIII)
horse_history_raw,2022104781,9.0,odds_today,43.7,,,,netkeiba_spec_difference,2022104781|20250106|3歳1勝クラス
horse_history_raw,2022104781,9.0,popularity_today,10.0,,,,netkeiba_spec_difference,2022104781|20250106|3歳1勝クラス
horse_history_raw,2022104781,10.0,odds_today,43.7,,,,netkeiba_spec_difference,2022104781|20240929|サフラン賞(1勝クラス)
horse_history_raw,2022104781,10.0,popularity_today,10.0,,,,netkeiba_spec_difference,2022104781|20240929|サフラン賞(1勝クラス)
horse_history_raw,2022104781,11.0,odds_today,43.7,,,,netkeiba_spec_difference,2022104781|20240825|2歳新馬
horse_history_raw,2022104781,11.0,popularity_today,10.0,,,,netkeiba_spec_difference,2022104781|20240825|2歳新馬
horse_history_raw,2022106772,0.0,odds_today,42.0,,,,netkeiba_spec_difference,2022106772|20260719|猪苗代特別(2勝クラス)
horse_history_raw,2022106772,0.0,popularity_today,9.0,,,,netkeiba_spec_difference,2022106772|20260719|猪苗代特別(2勝クラス)
horse_history_raw,2022106772,1.0,odds_today,42.0,,,,netkeiba_spec_difference,2022106772|20260705|白河特別(2勝クラス)
horse_history_raw,2022106772,1.0,popularity_today,9.0,,,,netkeiba_spec_difference,2022106772|20260705|白河特別(2勝クラス)
horse_history_raw,2022106772,2.0,odds_today,42.0,,,,netkeiba_spec_difference,2022106772|20260215|春日特別(2勝クラス)
horse_history_raw,2022106772,2.0,popularity_today,9.0,,,,netkeiba_spec_difference,2022106772|20260215|春日特別(2勝クラス)
horse_history_raw,2022106772,3.0,odds_today,42.0,,,,netkeiba_spec_difference,2022106772|20260110|初凪賞(2勝クラス)
horse_history_raw,2022106772,3.0,popularity_today,9.0,,,,netkeiba_spec_difference,2022106772|20260110|初凪賞(2勝クラス)
horse_history_raw,2022106772,4.0,odds_today,42.0,,,,netkeiba_spec_difference,2022106772|20251214|霞ヶ浦特別(2勝クラス)
horse_history_raw,2022106772,4.0,popularity_today,9.0,,,,netkeiba_spec_difference,2022106772|20251214|霞ヶ浦特別(2勝クラス)
horse_history_raw,2022106772,5.0,odds_today,42.0,,,,netkeiba_spec_difference,2022106772|20251108|3歳以上1勝クラス
horse_history_raw,2022106772,5.0,popularity_today,9.0,,,,netkeiba_spec_difference,2022106772|20251108|3歳以上1勝クラス
horse_history_raw,2022106772,6.0,odds_today,42.0,,,,netkeiba_spec_difference,2022106772|20250629|3歳以上1勝クラス
horse_history_raw,2022106772,6.0,popularity_today,9.0,,,,netkeiba_spec_difference,2022106772|20250629|3歳以上1勝クラス
horse_history_raw,2022106772,7.0,odds_today,42.0,,,,netkeiba_spec_difference,2022106772|20250608|3歳以上1勝クラス
horse_history_raw,2022106772,7.0,popularity_today,9.0,,,,netkeiba_spec_difference,2022106772|20250608|3歳以上1勝クラス
horse_history_raw,2022106772,8.0,odds_today,42.0,,,,netkeiba_spec_difference,2022106772|20250518|3歳1勝クラス
horse_history_raw,2022106772,8.0,popularity_today,9.0,,,,netkeiba_spec_difference,2022106772|20250518|3歳1勝クラス
horse_history_raw,2022106772,9.0,odds_today,42.0,,,,netkeiba_spec_difference,2022106772|20250126|若竹賞(1勝クラス)
horse_history_raw,2022106772,9.0,popularity_today,9.0,,,,netkeiba_spec_difference,2022106772|20250126|若竹賞(1勝クラス)
horse_history_raw,2022106772,10.0,odds_today,42.0,,,,netkeiba_spec_difference,2022106772|20250105|ジュニアC(L)
horse_history_raw,2022106772,10.0,popularity_today,9.0,,,,netkeiba_spec_difference,2022106772|20250105|ジュニアC(L)
horse_history_raw,2022106772,11.0,odds_today,42.0,,,,netkeiba_spec_difference,2022106772|20241214|ひいらぎ賞(1勝クラス)
horse_history_raw,2022106772,11.0,popularity_today,9.0,,,,netkeiba_spec_difference,2022106772|20241214|ひいらぎ賞(1勝クラス)
horse_history_raw,2022106772,12.0,odds_today,42.0,,,,netkeiba_spec_difference,2022106772|20240831|札幌2歳S(GIII)
horse_history_raw,2022106772,12.0,popularity_today,9.0,,,,netkeiba_spec_difference,2022106772|20240831|札幌2歳S(GIII)
horse_history_raw,2022106772,13.0,odds_today,42.0,,,,netkeiba_spec_difference,2022106772|20240818|クローバー賞(OP)
horse_history_raw,2022106772,13.0,popularity_today,9.0,,,,netkeiba_spec_difference,2022106772|20240818|クローバー賞(OP)
horse_history_raw,2022106772,14.0,odds_today,42.0,,,,netkeiba_spec_difference,2022106772|20240706|2歳未勝利
horse_history_raw,2022106772,14.0,popularity_today,9.0,,,,netkeiba_spec_difference,2022106772|20240706|2歳未勝利
horse_history_raw,2022106772,15.0,odds_today,42.0,,,,netkeiba_spec_difference,2022106772|20240623|2歳未勝利
horse_history_raw,2022106772,15.0,popularity_today,9.0,,,,netkeiba_spec_difference,2022106772|20240623|2歳未勝利
horse_history_raw,2022106772,16.0,odds_today,42.0,,,,netkeiba_spec_difference,2022106772|20240601|2歳新馬
horse_history_raw,2022106772,16.0,popularity_today,9.0,,,,netkeiba_spec_difference,2022106772|20240601|2歳新馬
runners_pace_market_features,2022103522,,distance_score,0.0,0.686,0.686,1.0,feature_calc_difference,2022103522
runners_pace_market_features,2022103522,,history_score,0.765704,0.745704,0.020000000000000018,0.026119753847439763,feature_calc_difference,2022103522
runners_pace_market_features,2022103522,,layoff_days,,63.0,,,missing_data,2022103522
runners_pace_market_features,2022103522,,odds,14.3,,,,netkeiba_spec_difference,2022103522
runners_pace_market_features,2022103522,,oikomi_count,2,1,1.0,0.5,feature_calc_difference,2022103522
runners_pace_market_features,2022103522,,popularity,5,,,,netkeiba_spec_difference,2022103522
runners_pace_market_features,2022103522,,same_distance_avg_finish,,4.8,,,missing_data,2022103522
runners_pace_market_features,2022103522,,same_distance_count,0,20,20.0,1.0,feature_calc_difference,2022103522
runners_pace_market_features,2022103522,,same_surface_avg_finish,,4.8,,,missing_data,2022103522
runners_pace_market_features,2022103522,,same_surface_count,0,20,20.0,1.0,feature_calc_difference,2022103522
runners_pace_market_features,2022103522,,sashi_count,3,4,1.0,0.25,feature_calc_difference,2022103522
runners_pace_market_features,2022103522,,style_distance_fit_weight,0.8,0.9,0.09999999999999998,0.11111111111111108,feature_calc_difference,2022103522
runners_pace_market_features,2022104781,,distance_score,0.0,0.593,0.593,1.0,feature_calc_difference,2022104781
runners_pace_market_features,2022104781,,history_score,0.498973,0.478973,0.020000000000000018,0.04008232910397961,feature_calc_difference,2022104781
runners_pace_market_features,2022104781,,layoff_days,,57.0,,,missing_data,2022104781
runners_pace_market_features,2022104781,,odds,43.7,,,,netkeiba_spec_difference,2022104781
runners_pace_market_features,2022104781,,oikomi_count,2,1,1.0,0.5,feature_calc_difference,2022104781
runners_pace_market_features,2022104781,,popularity,10,,,,netkeiba_spec_difference,2022104781
runners_pace_market_features,2022104781,,same_distance_avg_finish,,7.5,,,missing_data,2022104781
runners_pace_market_features,2022104781,,same_distance_count,0,8,8.0,1.0,feature_calc_difference,2022104781
runners_pace_market_features,2022104781,,same_surface_avg_finish,,8.7,,,missing_data,2022104781
runners_pace_market_features,2022104781,,same_surface_count,0,10,10.0,1.0,feature_calc_difference,2022104781
runners_pace_market_features,2022104781,,sashi_count,3,4,1.0,0.25,feature_calc_difference,2022104781
runners_pace_market_features,2022104781,,style_distance_fit_weight,0.8,0.9,0.09999999999999998,0.11111111111111108,feature_calc_difference,2022104781
runners_pace_market_features,2022102532,,avg_corner4,7.0,7.136363636363637,0.1363636363636367,0.019108280254777114,feature_calc_difference,2022102532
runners_pace_market_features,2022102532,,avg_finish,5.761904761904762,5.909090909090909,0.1471861471861473,0.024908424908424927,feature_calc_difference,2022102532
runners_pace_market_features,2022102532,,corner4_count,21,22,1.0,0.045454545454545456,feature_calc_difference,2022102532
runners_pace_market_features,2022102532,,distance_score,0.0,0.570952,0.570952,1.0,feature_calc_difference,2022102532
runners_pace_market_features,2022102532,,gate_risk_score,0.4512820512820512,0.5128205128205128,0.0615384615384616,0.12000000000000012,feature_calc_difference,2022102532
runners_pace_market_features,2022102532,,history_count,21,22,1.0,0.045454545454545456,feature_calc_difference,2022102532
runners_pace_market_features,2022102532,,last3_avg_corner4,7.333333333333333,8.666666666666666,1.333333333333333,0.15384615384615383,feature_calc_difference,2022102532
runners_pace_market_features,2022102532,,last_finish,8.0,9.0,1.0,0.1111111111111111,feature_calc_difference,2022102532
runners_pace_market_features,2022102532,,layoff_days,,14.0,,,missing_data,2022102532
runners_pace_market_features,2022102532,,odds,188.1,,,,netkeiba_spec_difference,2022102532
runners_pace_market_features,2022102532,,oikomi_count,2,1,1.0,0.5,feature_calc_difference,2022102532
runners_pace_market_features,2022102532,,popularity,12,,,,netkeiba_spec_difference,2022102532
runners_pace_market_features,2022102532,,same_distance_avg_finish,,8.285714285714286,,,missing_data,2022102532
runners_pace_market_features,2022102532,,same_distance_count,0,7,7.0,1.0,feature_calc_difference,2022102532
runners_pace_market_features,2022102532,,same_surface_avg_finish,,9.333333333333334,,,missing_data,2022102532
runners_pace_market_features,2022102532,,same_surface_count,0,6,6.0,1.0,feature_calc_difference,2022102532
runners_pace_market_features,2022102532,,sashi_count,3,4,1.0,0.25,feature_calc_difference,2022102532
runners_pace_market_features,2022102532,,style_distance_fit_weight,0.8,0.9,0.09999999999999998,0.11111111111111108,feature_calc_difference,2022102532
runners_pace_market_features,2022104635,,distance_score,0.0,0.647556,0.647556,1.0,feature_calc_difference,2022104635
runners_pace_market_features,2022104635,,grade_distance_style_points_last3_raw,0.070988,0.091271,0.02028300000000001,0.22222830910146715,feature_calc_difference,2022104635
runners_pace_market_features,2022104635,,history_score,0.899691,0.879691,0.020000000000000018,0.022229854472257716,feature_calc_difference,2022104635
runners_pace_market_features,2022104635,,layoff_days,,49.0,,,missing_data,2022104635
runners_pace_market_features,2022104635,,odds,2.3,,,,netkeiba_spec_difference,2022104635
runners_pace_market_features,2022104635,,oikomi_count,2,1,1.0,0.5,feature_calc_difference,2022104635
runners_pace_market_features,2022104635,,popularity,1,,,,netkeiba_spec_difference,2022104635
runners_pace_market_features,2022104635,,same_distance_avg_finish,,2.5,,,missing_data,2022104635
runners_pace_market_features,2022104635,,same_distance_count,0,2,2.0,1.0,feature_calc_difference,2022104635
runners_pace_market_features,2022104635,,same_surface_avg_finish,,2.4444444444444446,,,missing_data,2022104635
runners_pace_market_features,2022104635,,same_surface_count,0,9,9.0,1.0,feature_calc_difference,2022104635
runners_pace_market_features,2022104635,,sashi_count,3,4,1.0,0.25,feature_calc_difference,2022104635
runners_pace_market_features,2022104635,,style_distance_fit_weight,0.8,0.9,0.09999999999999998,0.11111111111111108,feature_calc_difference,2022104635
runners_pace_market_features,2022106772,,avg_corner4,8.333333333333334,8.3125,0.020833333333333925,0.0025000000000000707,feature_calc_difference,2022106772
runners_pace_market_features,2022106772,,avg_finish,7.466666666666667,7.4375,0.029166666666666785,0.003906250000000016,feature_calc_difference,2022106772
runners_pace_market_features,2022106772,,corner4_count,15,16,1.0,0.0625,feature_calc_difference,2022106772
runners_pace_market_features,2022106772,,distance_score,0.0,0.618125,0.618125,1.0,feature_calc_difference,2022106772
runners_pace_market_features,2022106772,,history_count,15,16,1.0,0.0625,feature_calc_difference,2022106772
runners_pace_market_features,2022106772,,history_score,0.679037,0.713981,0.034943999999999975,0.04894247886148227,feature_calc_difference,2022106772
runners_pace_market_features,2022106772,,last3_avg_corner4,11.0,10.0,1.0,0.09090909090909091,feature_calc_difference,2022106772
runners_pace_market_features,2022106772,,last3_avg_finish,9.0,7.666666666666667,1.333333333333333,0.1481481481481481,feature_calc_difference,2022106772
runners_pace_market_features,2022106772,,layoff_days,,14.0,,,missing_data,2022106772
runners_pace_market_features,2022106772,,odds,42.0,,,,netkeiba_spec_difference,2022106772
runners_pace_market_features,2022106772,,oikomi_count,2,1,1.0,0.5,feature_calc_difference,2022106772
runners_pace_market_features,2022106772,,popularity,9,,,,netkeiba_spec_difference,2022106772
runners_pace_market_features,2022106772,,running_style,追込,差し,,,feature_calc_difference,2022106772
runners_pace_market_features,2022106772,,same_distance_avg_finish,,6.875,,,missing_data,2022106772
runners_pace_market_features,2022106772,,same_distance_count,0,8,8.0,1.0,feature_calc_difference,2022106772
runners_pace_market_features,2022106772,,same_surface_avg_finish,,7.4375,,,missing_data,2022106772
runners_pace_market_features,2022106772,,same_surface_count,0,16,16.0,1.0,feature_calc_difference,2022106772
runners_pace_market_features,2022106772,,sashi_count,3,4,1.0,0.25,feature_calc_difference,2022106772
runners_pace_market_features,2022106772,,style_disadvantage_score,0.35,0.2,0.14999999999999997,0.4285714285714285,feature_calc_difference,2022106772
runners_pace_market_features,2022106772,,style_distance_fit_weight,0.8,0.9,0.09999999999999998,0.11111111111111108,feature_calc_difference,2022106772
runners_pace_market_features,2022106825,,distance_score,0.0,0.687059,0.687059,1.0,feature_calc_difference,2022106825
runners_pace_market_features,2022106825,,grade_distance_style_points_last3,0.067047,0.105542,0.038495,0.3647363135055239,feature_calc_difference,2022106825
runners_pace_market_features,2022106825,,grade_distance_style_points_last3_raw,0.069401,0.111537,0.04213599999999999,0.3777759846508333,feature_calc_difference,2022106825
runners_pace_market_features,2022106825,,layoff_days,,21.0,,,missing_data,2022106825
runners_pace_market_features,2022106825,,odds,5.2,,,,netkeiba_spec_difference,2022106825
runners_pace_market_features,2022106825,,oikomi_count,2,1,1.0,0.5,feature_calc_difference,2022106825
runners_pace_market_features,2022106825,,popularity,3,,,,netkeiba_spec_difference,2022106825
runners_pace_market_features,2022106825,,same_distance_avg_finish,,4.764705882352941,,,missing_data,2022106825
runners_pace_market_features,2022106825,,same_distance_count,0,17,17.0,1.0,feature_calc_difference,2022106825
runners_pace_market_features,2022106825,,same_surface_avg_finish,,4.764705882352941,,,missing_data,2022106825
runners_pace_market_features,2022106825,,same_surface_count,0,17,17.0,1.0,feature_calc_difference,2022106825
runners_pace_market_features,2022106825,,sashi_count,3,4,1.0,0.25,feature_calc_difference,2022106825
runners_pace_market_features,2022106825,,style_distance_fit_weight,0.8,0.9,0.09999999999999998,0.11111111111111108,feature_calc_difference,2022106825
runners_pace_market_features,2022100781,,distance_score,0.0,0.734848,0.734848,1.0,feature_calc_difference,2022100781
runners_pace_market_features,2022100781,,grade_distance_style_points_last3,0.085759,0.134198,0.04843900000000001,0.36095172804363707,feature_calc_difference,2022100781
runners_pace_market_features,2022100781,,grade_distance_style_points_last3_raw,0.089662,0.144099,0.054437,0.3777750019084102,feature_calc_difference,2022100781
runners_pace_market_features,2022100781,,history_score,0.963519,0.943519,0.020000000000000018,0.020757245056921572,feature_calc_difference,2022100781
runners_pace_market_features,2022100781,,layoff_days,,64.0,,,missing_data,2022100781
runners_pace_market_features,2022100781,,odds,4.6,,,,netkeiba_spec_difference,2022100781
runners_pace_market_features,2022100781,,oikomi_count,2,1,1.0,0.5,feature_calc_difference,2022100781
runners_pace_market_features,2022100781,,popularity,2,,,,netkeiba_spec_difference,2022100781
runners_pace_market_features,2022100781,,same_distance_avg_finish,,3.090909090909091,,,missing_data,2022100781
runners_pace_market_features,2022100781,,same_distance_count,0,11,11.0,1.0,feature_calc_difference,2022100781
runners_pace_market_features,2022100781,,same_surface_avg_finish,,3.333333333333333,,,missing_data,2022100781
runners_pace_market_features,2022100781,,same_surface_count,0,12,12.0,1.0,feature_calc_difference,2022100781
runners_pace_market_features,2022100781,,sashi_count,3,4,1.0,0.25,feature_calc_difference,2022100781
runners_pace_market_features,2022100781,,style_distance_fit_weight,0.8,0.9,0.09999999999999998,0.11111111111111108,feature_calc_difference,2022100781
runners_pace_market_features,2021106826,,distance_score,0.0,0.639615,0.639615,1.0,feature_calc_difference,2021106826
runners_pace_market_features,2021106826,,layoff_days,,21.0,,,missing_data,2021106826
runners_pace_market_features,2021106826,,odds,33.1,,,,netkeiba_spec_difference,2021106826
runners_pace_market_features,2021106826,,oikomi_count,2,1,1.0,0.5,feature_calc_difference,2021106826
runners_pace_market_features,2021106826,,popularity,8,,,,netkeiba_spec_difference,2021106826
runners_pace_market_features,2021106826,,same_distance_avg_finish,,6.346153846153846,,,missing_data,2021106826
runners_pace_market_features,2021106826,,same_distance_count,0,26,26.0,1.0,feature_calc_difference,2021106826
runners_pace_market_features,2021106826,,same_surface_avg_finish,,6.346153846153846,,,missing_data,2021106826
runners_pace_market_features,2021106826,,same_surface_count,0,26,26.0,1.0,feature_calc_difference,2021106826
runners_pace_market_features,2021106826,,sashi_count,3,4,1.0,0.25,feature_calc_difference,2021106826
runners_pace_market_features,2021106826,,style_distance_fit_weight,0.8,0.9,0.09999999999999998,0.11111111111111108,feature_calc_difference,2021106826
runners_pace_market_features,2017101772,,distance_score,0.0,0.683235,0.683235,1.0,feature_calc_difference,2017101772
runners_pace_market_features,2017101772,,grade_distance_style_points_last3,0.050612,0.080082,0.029470000000000003,0.367997802252691,feature_calc_difference,2017101772
runners_pace_market_features,2017101772,,grade_distance_style_points_last3_raw,0.051937,0.083471,0.031534000000000006,0.3777839009955554,feature_calc_difference,2017101772
runners_pace_market_features,2017101772,,layoff_days,,42.0,,,missing_data,2017101772
runners_pace_market_features,2017101772,,odds,24.8,,,,netkeiba_spec_difference,2017101772
runners_pace_market_features,2017101772,,oikomi_count,2,1,1.0,0.5,feature_calc_difference,2017101772
runners_pace_market_features,2017101772,,popularity,6,,,,netkeiba_spec_difference,2017101772
runners_pace_market_features,2017101772,,same_distance_avg_finish,,4.647058823529412,,,missing_data,2017101772
runners_pace_market_features,2017101772,,same_distance_count,0,17,17.0,1.0,feature_calc_difference,2017101772
runners_pace_market_features,2017101772,,same_surface_avg_finish,,5.382352941176471,,,missing_data,2017101772
runners_pace_market_features,2017101772,,same_surface_count,0,34,34.0,1.0,feature_calc_difference,2017101772
runners_pace_market_features,2017101772,,sashi_count,3,4,1.0,0.25,feature_calc_difference,2017101772
runners_pace_market_features,2017101772,,style_distance_fit_weight,0.8,0.9,0.09999999999999998,0.11111111111111108,feature_calc_difference,2017101772
runners_pace_market_features,2022104669,,distance_score,0.0,0.662222,0.662222,1.0,feature_calc_difference,2022104669
runners_pace_market_features,2022104669,,grade_distance_style_points_last3,0.046271,0.073314,0.027043000000000005,0.3688654281583327,feature_calc_difference,2022104669
runners_pace_market_features,2022104669,,grade_distance_style_points_last3_raw,0.047376,0.07614,0.028763999999999998,0.37777777777777777,feature_calc_difference,2022104669
runners_pace_market_features,2022104669,,history_score,0.79784,0.77784,0.020000000000000018,0.025067682743407222,feature_calc_difference,2022104669
runners_pace_market_features,2022104669,,layoff_days,,71.0,,,missing_data,2022104669
runners_pace_market_features,2022104669,,odds,5.7,,,,netkeiba_spec_difference,2022104669
runners_pace_market_features,2022104669,,oikomi_count,2,1,1.0,0.5,feature_calc_difference,2022104669
runners_pace_market_features,2022104669,,popularity,4,,,,netkeiba_spec_difference,2022104669
runners_pace_market_features,2022104669,,same_distance_avg_finish,,5.5,,,missing_data,2022104669
runners_pace_market_features,2022104669,,same_distance_count,0,8,8.0,1.0,feature_calc_difference,2022104669
runners_pace_market_features,2022104669,,same_surface_avg_finish,,5.777777777777778,,,missing_data,2022104669
runners_pace_market_features,2022104669,,same_surface_count,0,9,9.0,1.0,feature_calc_difference,2022104669
runners_pace_market_features,2022104669,,sashi_count,3,4,1.0,0.25,feature_calc_difference,2022104669
runners_pace_market_features,2022104669,,style_distance_fit_weight,0.8,0.9,0.09999999999999998,0.11111111111111108,feature_calc_difference,2022104669
runners_pace_market_features,2022103405,,distance_score,0.0,0.228813,0.228813,1.0,feature_calc_difference,2022103405
runners_pace_market_features,2022103405,,layoff_days,,14.0,,,missing_data,2022103405
runners_pace_market_features,2022103405,,odds,79.0,,,,netkeiba_spec_difference,2022103405
runners_pace_market_features,2022103405,,oikomi_count,2,1,1.0,0.5,feature_calc_difference,2022103405
runners_pace_market_features,2022103405,,popularity,11,,,,netkeiba_spec_difference,2022103405
runners_pace_market_features,2022103405,,same_distance_avg_finish,,12.0,,,missing_data,2022103405
runners_pace_market_features,2022103405,,same_distance_count,0,1,1.0,1.0,feature_calc_difference,2022103405
runners_pace_market_features,2022103405,,same_surface_avg_finish,,12.0,,,missing_data,2022103405
runners_pace_market_features,2022103405,,same_surface_count,0,1,1.0,1.0,feature_calc_difference,2022103405
runners_pace_market_features,2022103405,,sashi_count,3,4,1.0,0.25,feature_calc_difference,2022103405
runners_pace_market_features,2021105375,,distance_score,0.0,0.627711,0.627711,1.0,feature_calc_difference,2021105375
runners_pace_market_features,2021105375,,history_score,0.611556,0.591556,0.020000000000000018,0.03270346460504029,feature_calc_difference,2021105375
runners_pace_market_features,2021105375,,layoff_days,,63.0,,,missing_data,2021105375
runners_pace_market_features,2021105375,,odds,25.4,,,,netkeiba_spec_difference,2021105375
runners_pace_market_features,2021105375,,oikomi_count,2,1,1.0,0.5,feature_calc_difference,2021105375
runners_pace_market_features,2021105375,,popularity,7,,,,netkeiba_spec_difference,2021105375
runners_pace_market_features,2021105375,,same_distance_avg_finish,,6.789473684210527,,,missing_data,2021105375
runners_pace_market_features,2021105375,,same_distance_count,0,19,19.0,1.0,feature_calc_difference,2021105375
runners_pace_market_features,2021105375,,same_surface_avg_finish,,6.65,,,missing_data,2021105375
runners_pace_market_features,2021105375,,same_surface_count,0,20,20.0,1.0,feature_calc_difference,2021105375
runners_pace_market_features,2021105375,,sashi_count,3,4,1.0,0.25,feature_calc_difference,2021105375
runners_pace_market_features,2021105375,,style_distance_fit_weight,0.8,0.9,0.09999999999999998,0.11111111111111108,feature_calc_difference,2021105375
