race_id,numeric_race_id,date,course,race_number,race_name,target_surface,target_distance,turn,weather,track_condition,frame_number,horse_number,horse_name,horse_url,horse_id,sex,age,weight_carried,jockey,odds,popularity
2026-07-25-01-06,202604020106,2026-07-25,新潟,6,豊栄特別,芝,1600,左,unknown,良,0,1,ガリレア,https://db.netkeiba.com/horse/2023100681/,2023100681,牡,3,55.0,石橋脩,,
2026-07-25-01-06,202604020106,2026-07-25,新潟,6,豊栄特別,芝,1600,左,unknown,良,0,2,ギフテッド,https://db.netkeiba.com/horse/2022102920/,2022102920,牝,4,56.0,今村,,
2026-07-25-01-06,202604020106,2026-07-25,新潟,6,豊栄特別,芝,1600,左,unknown,良,0,3,ケイケイ,https://db.netkeiba.com/horse/2021103799/,2021103799,セ,5,58.0,木幡巧,,
2026-07-25-01-06,202604020106,2026-07-25,新潟,6,豊栄特別,芝,1600,左,unknown,良,0,4,コルドンブルー,https://db.netkeiba.com/horse/2022106619/,2022106619,牝,4,56.0,岩田望,,
2026-07-25-01-06,202604020106,2026-07-25,新潟,6,豊栄特別,芝,1600,左,unknown,良,0,5,コンフェルマ,https://db.netkeiba.com/horse/2021105970/,2021105970,セ,5,58.0,小牧加,,
2026-07-25-01-06,202604020106,2026-07-25,新潟,6,豊栄特別,芝,1600,左,unknown,良,0,6,ゴールドスター,https://db.netkeiba.com/horse/2021103561/,2021103561,牡,5,58.0,横山和,,
2026-07-25-01-06,202604020106,2026-07-25,新潟,6,豊栄特別,芝,1600,左,unknown,良,0,7,シャンソンドール,https://db.netkeiba.com/horse/2022105038/,2022105038,牝,4,56.0,レーン,,
2026-07-25-01-06,202604020106,2026-07-25,新潟,6,豊栄特別,芝,1600,左,unknown,良,0,8,ジーネキング,https://db.netkeiba.com/horse/2023104885/,2023104885,牡,3,55.0,菊沢,,
2026-07-25-01-06,202604020106,2026-07-25,新潟,6,豊栄特別,芝,1600,左,unknown,良,0,9,ソニックライン,https://db.netkeiba.com/horse/2021105871/,2021105871,セ,5,58.0,ゴンサルベ,,
2026-07-25-01-06,202604020106,2026-07-25,新潟,6,豊栄特別,芝,1600,左,unknown,良,0,10,ドリームクルーズ,https://db.netkeiba.com/horse/2021104899/,2021104899,牝,5,56.0,吉田豊,,
2026-07-25-01-06,202604020106,2026-07-25,新潟,6,豊栄特別,芝,1600,左,unknown,良,0,11,ナグルファル,https://db.netkeiba.com/horse/2022105552/,2022105552,セ,4,58.0,和田陽,,
2026-07-25-01-06,202604020106,2026-07-25,新潟,6,豊栄特別,芝,1600,左,unknown,良,0,12,ナファロア,https://db.netkeiba.com/horse/2021105150/,2021105150,セ,5,58.0,石橋脩,,
2026-07-25-01-06,202604020106,2026-07-25,新潟,6,豊栄特別,芝,1600,左,unknown,良,0,13,ホウオウタイタン,https://db.netkeiba.com/horse/2022103278/,2022103278,牝,4,56.0,田山,,
2026-07-25-01-06,202604020106,2026-07-25,新潟,6,豊栄特別,芝,1600,左,unknown,良,0,14,ミッキースターダム,https://db.netkeiba.com/horse/2021105765/,2021105765,セ,5,58.0,丹内,,
2026-07-25-01-06,202604020106,2026-07-25,新潟,6,豊栄特別,芝,1600,左,unknown,良,0,15,メランジェ,https://db.netkeiba.com/horse/2022105047/,2022105047,牝,4,56.0,ゴンサルベ,,
2026-07-25-01-06,202604020106,2026-07-25,新潟,6,豊栄特別,芝,1600,左,unknown,良,0,16,ラビットアイ,https://db.netkeiba.com/horse/2021102597/,2021102597,牝,5,56.0,田口,,
2026-07-25-01-06,202604020106,2026-07-25,新潟,6,豊栄特別,芝,1600,左,unknown,良,0,17,リカントロポ,https://db.netkeiba.com/horse/2022100080/,2022100080,牡,4,58.0,田口,,
2026-07-25-01-06,202604020106,2026-07-25,新潟,6,豊栄特別,芝,1600,左,unknown,良,0,18,ルナルーチェット,https://db.netkeiba.com/horse/2022105233/,2022105233,牝,4,56.0,田辺,,
2026-07-25-01-07,202604020107,2026-07-25,新潟,7,新潟日報賞,芝,1400,左,unknown,良,0,1,アームテイル,https://db.netkeiba.com/horse/2020106900/,2020106900,牝,6,56.0,吉田豊,,
2026-07-25-01-07,202604020107,2026-07-25,新潟,7,新潟日報賞,芝,1400,左,unknown,良,0,2,ヴェサリウス,https://db.netkeiba.com/horse/2021104401/,2021104401,牡,5,58.0,横山武,,
2026-07-25-01-07,202604020107,2026-07-25,新潟,7,新潟日報賞,芝,1400,左,unknown,良,0,3,ウナギノボリ,https://db.netkeiba.com/horse/2019107016/,2019107016,牡,7,58.0,菊沢,,
2026-07-25-01-07,202604020107,2026-07-25,新潟,7,新潟日報賞,芝,1400,左,unknown,良,0,4,エイムフォーエース,https://db.netkeiba.com/horse/2021104167/,2021104167,牡,5,58.0,高杉,,
2026-07-25-01-07,202604020107,2026-07-25,新潟,7,新潟日報賞,芝,1400,左,unknown,良,0,5,エマヌエーレ,https://db.netkeiba.com/horse/2020103280/,2020103280,牡,6,58.0,鮫島駿,,
2026-07-25-01-07,202604020107,2026-07-25,新潟,7,新潟日報賞,芝,1400,左,unknown,良,0,6,キタサンダムール,https://db.netkeiba.com/horse/2020102310/,2020102310,牝,6,56.0,田山,,
2026-07-25-01-07,202604020107,2026-07-25,新潟,7,新潟日報賞,芝,1400,左,unknown,良,0,7,コートアリシアン,https://db.netkeiba.com/horse/2022105326/,2022105326,牝,4,56.0,津村,,
2026-07-25-01-07,202604020107,2026-07-25,新潟,7,新潟日報賞,芝,1400,左,unknown,良,0,8,スティールブルー,https://db.netkeiba.com/horse/2021105888/,2021105888,牝,5,56.0,古川吉,,
2026-07-25-01-07,202604020107,2026-07-25,新潟,7,新潟日報賞,芝,1400,左,unknown,良,0,9,スマイルアップ,https://db.netkeiba.com/horse/2019103815/,2019103815,牝,7,56.0,松岡,,
2026-07-25-01-07,202604020107,2026-07-25,新潟,7,新潟日報賞,芝,1400,左,unknown,良,0,10,チューラワンサ,https://db.netkeiba.com/horse/2022104918/,2022104918,牝,4,56.0,原,,
2026-07-25-01-07,202604020107,2026-07-25,新潟,7,新潟日報賞,芝,1400,左,unknown,良,0,11,ピコローズ,https://db.netkeiba.com/horse/2022101765/,2022101765,牝,4,56.0,三浦,,
2026-07-25-01-07,202604020107,2026-07-25,新潟,7,新潟日報賞,芝,1400,左,unknown,良,0,12,フライングブレード,https://db.netkeiba.com/horse/2020100906/,2020100906,牡,6,58.0,石橋脩,,
2026-07-25-01-07,202604020107,2026-07-25,新潟,7,新潟日報賞,芝,1400,左,unknown,良,0,13,ポッドロワール,https://db.netkeiba.com/horse/2022101573/,2022101573,牡,4,58.0,荻野極,,
2026-07-25-01-07,202604020107,2026-07-25,新潟,7,新潟日報賞,芝,1400,左,unknown,良,0,14,ボンヌソワレ,https://db.netkeiba.com/horse/2022105435/,2022105435,牝,4,56.0,津村,,
2026-07-25-01-07,202604020107,2026-07-25,新潟,7,新潟日報賞,芝,1400,左,unknown,良,0,15,ミストレス,https://db.netkeiba.com/horse/2022103754/,2022103754,牝,4,56.0,田口,,
2026-07-25-01-07,202604020107,2026-07-25,新潟,7,新潟日報賞,芝,1400,左,unknown,良,0,16,モジャーリオ,https://db.netkeiba.com/horse/2022106603/,2022106603,牡,4,58.0,高杉,,
2026-07-25-01-07,202604020107,2026-07-25,新潟,7,新潟日報賞,芝,1400,左,unknown,良,0,17,モンテシート,https://db.netkeiba.com/horse/2022105108/,2022105108,牡,4,58.0,ディー,,
2026-07-25-01-07,202604020107,2026-07-25,新潟,7,新潟日報賞,芝,1400,左,unknown,良,0,18,ルミノメテオール,https://db.netkeiba.com/horse/2020104332/,2020104332,牝,6,56.0,酒井,,
2026-07-25-01-08,202604020108,2026-07-25,新潟,8,清津峡特別,ダ,1800,左,unknown,良,0,1,アヴァランチ,https://db.netkeiba.com/horse/2023101495/,2023101495,牡,3,55.0,三浦,,
2026-07-25-01-08,202604020108,2026-07-25,新潟,8,清津峡特別,ダ,1800,左,unknown,良,0,2,イリュストル,https://db.netkeiba.com/horse/2022105154/,2022105154,牡,4,58.0,佐々木,,
2026-07-25-01-08,202604020108,2026-07-25,新潟,8,清津峡特別,ダ,1800,左,unknown,良,0,3,インナーパッション,https://db.netkeiba.com/horse/2023103714/,2023103714,牡,3,55.0,横山琉,,
2026-07-25-01-08,202604020108,2026-07-25,新潟,8,清津峡特別,ダ,1800,左,unknown,良,0,4,ヴィエントデコラ,https://db.netkeiba.com/horse/2023103677/,2023103677,牡,3,55.0,田山,,
2026-07-25-01-08,202604020108,2026-07-25,新潟,8,清津峡特別,ダ,1800,左,unknown,良,0,5,ケルピー,https://db.netkeiba.com/horse/2022101801/,2022101801,セ,4,58.0,赤岡修,,
2026-07-25-01-08,202604020108,2026-07-25,新潟,8,清津峡特別,ダ,1800,左,unknown,良,0,6,コッレヴェッキオ,https://db.netkeiba.com/horse/2021105730/,2021105730,セ,5,58.0,北村宏,,
2026-07-25-01-08,202604020108,2026-07-25,新潟,8,清津峡特別,ダ,1800,左,unknown,良,0,7,サトノフェンサー,https://db.netkeiba.com/horse/2023103157/,2023103157,牡,3,55.0,三浦,,
2026-07-25-01-08,202604020108,2026-07-25,新潟,8,清津峡特別,ダ,1800,左,unknown,良,0,8,パイオニアスクエア,https://db.netkeiba.com/horse/2022105367/,2022105367,牡,4,58.0,富田,,
2026-07-25-01-08,202604020108,2026-07-25,新潟,8,清津峡特別,ダ,1800,左,unknown,良,0,9,バッカステソーロ,https://db.netkeiba.com/horse/2023106753/,2023106753,牡,3,55.0,山口勲,,
2026-07-25-01-08,202604020108,2026-07-25,新潟,8,清津峡特別,ダ,1800,左,unknown,良,0,10,ハルノアラシ,https://db.netkeiba.com/horse/2022106099/,2022106099,牡,4,58.0,石川,,
2026-07-25-01-08,202604020108,2026-07-25,新潟,8,清津峡特別,ダ,1800,左,unknown,良,0,11,ブレスドナイル,https://db.netkeiba.com/horse/2022110061/,2022110061,牝,4,56.0,斎藤,,
2026-07-25-01-08,202604020108,2026-07-25,新潟,8,清津峡特別,ダ,1800,左,unknown,良,0,12,メトロポリターナ,https://db.netkeiba.com/horse/2021110040/,2021110040,牝,5,56.0,丸田,,
2026-07-25-01-08,202604020108,2026-07-25,新潟,8,清津峡特別,ダ,1800,左,unknown,良,0,13,ライヴスプーン,https://db.netkeiba.com/horse/2022104264/,2022104264,牝,4,56.0,小林脩,,
2026-07-25-01-08,202604020108,2026-07-25,新潟,8,清津峡特別,ダ,1800,左,unknown,良,0,14,ロケットパンチ,https://db.netkeiba.com/horse/2023100514/,2023100514,セ,3,55.0,武藤,,
2026-07-25-02-06,202607020106,2026-07-25,中京,6,四日市特別,ダ,1400,左,unknown,良,0,1,アリエスキング,https://db.netkeiba.com/horse/2021101468/,2021101468,牡,5,58.0,田口,,
2026-07-25-02-06,202607020106,2026-07-25,中京,6,四日市特別,ダ,1400,左,unknown,良,0,2,アレ,https://db.netkeiba.com/horse/2021103287/,2021103287,牡,5,58.0,ハマーハン,,
2026-07-25-02-06,202607020106,2026-07-25,中京,6,四日市特別,ダ,1400,左,unknown,良,0,3,エブリーポッシブル,https://db.netkeiba.com/horse/2023106940/,2023106940,牝,3,53.0,岩田望,,
2026-07-25-02-06,202607020106,2026-07-25,中京,6,四日市特別,ダ,1400,左,unknown,良,0,4,オカメノコイ,https://db.netkeiba.com/horse/2022106698/,2022106698,牝,4,56.0,大野,,
2026-07-25-02-06,202607020106,2026-07-25,中京,6,四日市特別,ダ,1400,左,unknown,良,0,5,ゴルデールスカー,https://db.netkeiba.com/horse/2020103625/,2020103625,牡,6,58.0,坂井,,
2026-07-25-02-06,202607020106,2026-07-25,中京,6,四日市特別,ダ,1400,左,unknown,良,0,6,ザックザク,https://db.netkeiba.com/horse/2022100476/,2022100476,牡,4,58.0,北村友,,
2026-07-25-02-06,202607020106,2026-07-25,中京,6,四日市特別,ダ,1400,左,unknown,良,0,7,ジェミート,https://db.netkeiba.com/horse/2022100327/,2022100327,牡,4,58.0,横山和,,
2026-07-25-02-06,202607020106,2026-07-25,中京,6,四日市特別,ダ,1400,左,unknown,良,0,8,ステラスプレンダー,https://db.netkeiba.com/horse/2021105604/,2021105604,牝,5,56.0,吉村,,
2026-07-25-02-06,202607020106,2026-07-25,中京,6,四日市特別,ダ,1400,左,unknown,良,0,9,スーパージョック,https://db.netkeiba.com/horse/2022103733/,2022103733,牡,4,58.0,三浦,,
2026-07-25-02-06,202607020106,2026-07-25,中京,6,四日市特別,ダ,1400,左,unknown,良,0,10,ゼロヴィジビリティ,https://db.netkeiba.com/horse/2023101157/,2023101157,牡,3,55.0,ルメール,,
2026-07-25-02-06,202607020106,2026-07-25,中京,6,四日市特別,ダ,1400,左,unknown,良,0,11,チュウワチーフ,https://db.netkeiba.com/horse/2022110117/,2022110117,牡,4,58.0,松山,,
2026-07-25-02-06,202607020106,2026-07-25,中京,6,四日市特別,ダ,1400,左,unknown,良,0,12,ハリウッドブルース,https://db.netkeiba.com/horse/2021104514/,2021104514,牡,5,58.0,浜田,,
2026-07-25-02-06,202607020106,2026-07-25,中京,6,四日市特別,ダ,1400,左,unknown,良,0,13,フィーチャリング,https://db.netkeiba.com/horse/2022105824/,2022105824,セ,4,58.0,原,,
2026-07-25-02-06,202607020106,2026-07-25,中京,6,四日市特別,ダ,1400,左,unknown,良,0,14,フクチャントウメイ,https://db.netkeiba.com/horse/2021105086/,2021105086,セ,5,58.0,吉田豊,,
2026-07-25-02-06,202607020106,2026-07-25,中京,6,四日市特別,ダ,1400,左,unknown,良,0,15,ヘリテージブルーム,https://db.netkeiba.com/horse/2023103365/,2023103365,牡,3,55.0,戸崎圭,,
2026-07-25-02-06,202607020106,2026-07-25,中京,6,四日市特別,ダ,1400,左,unknown,良,0,16,ホウオウゴールド,https://db.netkeiba.com/horse/2022106011/,2022106011,牡,4,58.0,小沢,,
2026-07-25-02-06,202607020106,2026-07-25,中京,6,四日市特別,ダ,1400,左,unknown,良,0,17,ポートデラメール,https://db.netkeiba.com/horse/2022105963/,2022105963,牝,4,56.0,ルメール,,
2026-07-25-02-06,202607020106,2026-07-25,中京,6,四日市特別,ダ,1400,左,unknown,良,0,18,モズケイスター,https://db.netkeiba.com/horse/2022102127/,2022102127,牡,4,58.0,坂井,,
2026-07-25-02-06,202607020106,2026-07-25,中京,6,四日市特別,ダ,1400,左,unknown,良,0,19,モズタチアガレ,https://db.netkeiba.com/horse/2022106010/,2022106010,牡,4,58.0,北村友,,
2026-07-25-02-06,202607020106,2026-07-25,中京,6,四日市特別,ダ,1400,左,unknown,良,0,20,ヤマニンバロネス,https://db.netkeiba.com/horse/2022106609/,2022106609,牝,4,56.0,高杉,,
2026-07-25-02-06,202607020106,2026-07-25,中京,6,四日市特別,ダ,1400,左,unknown,良,0,21,ライトオブヌカタ,https://db.netkeiba.com/horse/2023103087/,2023103087,牡,3,55.0,石川,,
2026-07-25-02-06,202607020106,2026-07-25,中京,6,四日市特別,ダ,1400,左,unknown,良,0,22,ラヴオントップ,https://db.netkeiba.com/horse/2021104399/,2021104399,牝,5,56.0,吉村,,
2026-07-25-02-07,202607020107,2026-07-25,中京,7,関ケ原S,芝,2200,左,unknown,良,0,1,ウインデイジー,https://db.netkeiba.com/horse/2021106194/,2021106194,牝,5,56.0,松若,,
2026-07-25-02-07,202607020107,2026-07-25,中京,7,関ケ原S,芝,2200,左,unknown,良,0,2,エイカイマッケンロ,https://db.netkeiba.com/horse/2019104800/,2019104800,セ,7,58.0,ディー,,
2026-07-25-02-07,202607020107,2026-07-25,中京,7,関ケ原S,芝,2200,左,unknown,良,0,3,サダムオプシス,https://db.netkeiba.com/horse/2021105474/,2021105474,牡,5,58.0,幸,,
2026-07-25-02-07,202607020107,2026-07-25,中京,7,関ケ原S,芝,2200,左,unknown,良,0,4,サトノクローク,https://db.netkeiba.com/horse/2020106667/,2020106667,牡,6,58.0,田口,,
2026-07-25-02-07,202607020107,2026-07-25,中京,7,関ケ原S,芝,2200,左,unknown,良,0,5,タイセイフェリーク,https://db.netkeiba.com/horse/2020103713/,2020103713,牝,6,56.0,藤懸,,
2026-07-25-02-07,202607020107,2026-07-25,中京,7,関ケ原S,芝,2200,左,unknown,良,0,6,ナムラフッカー,https://db.netkeiba.com/horse/2021102510/,2021102510,牡,5,58.0,高倉,,
2026-07-25-02-07,202607020107,2026-07-25,中京,7,関ケ原S,芝,2200,左,unknown,良,0,7,ハーツコンチェルト,https://db.netkeiba.com/horse/2020105681/,2020105681,牡,6,58.0,横山武,,
2026-07-25-02-07,202607020107,2026-07-25,中京,7,関ケ原S,芝,2200,左,unknown,良,0,8,ミッキーゴールド,https://db.netkeiba.com/horse/2022104765/,2022104765,セ,4,58.0,菅原明,,
2026-07-25-02-07,202607020107,2026-07-25,中京,7,関ケ原S,芝,2200,左,unknown,良,0,9,ミュージシャン,https://db.netkeiba.com/horse/2022103207/,2022103207,牡,4,58.0,坂井,,
2026-07-25-02-07,202607020107,2026-07-25,中京,7,関ケ原S,芝,2200,左,unknown,良,0,10,メイショウソウタ,https://db.netkeiba.com/horse/2021103263/,2021103263,牡,5,58.0,菱田,,
2026-07-25-02-07,202607020107,2026-07-25,中京,7,関ケ原S,芝,2200,左,unknown,良,0,11,リンフレスカンテ,https://db.netkeiba.com/horse/2018104797/,2018104797,牡,8,58.0,田辺,,
2026-07-25-02-08,202607020108,2026-07-25,中京,8,香嵐渓特別,芝,2000,左,unknown,良,0,1,アトレッタ,https://db.netkeiba.com/horse/2023104008/,2023104008,牡,3,55.0,池添,,
2026-07-25-02-08,202607020108,2026-07-25,中京,8,香嵐渓特別,芝,2000,左,unknown,良,0,2,アンビアンス,https://db.netkeiba.com/horse/2022106634/,2022106634,牝,4,56.0,吉村,,
2026-07-25-02-08,202607020108,2026-07-25,中京,8,香嵐渓特別,芝,2000,左,unknown,良,0,3,キシダンチョウ,https://db.netkeiba.com/horse/2023106960/,2023106960,牡,3,55.0,高杉,,
2026-07-25-02-08,202607020108,2026-07-25,中京,8,香嵐渓特別,芝,2000,左,unknown,良,0,4,コスモグローリー,https://db.netkeiba.com/horse/2022105470/,2022105470,牡,4,58.0,北出,,
2026-07-25-02-08,202607020108,2026-07-25,中京,8,香嵐渓特別,芝,2000,左,unknown,良,0,5,サイモンシャリオ,https://db.netkeiba.com/horse/2023101569/,2023101569,牡,3,55.0,田口,,
2026-07-25-02-08,202607020108,2026-07-25,中京,8,香嵐渓特別,芝,2000,左,unknown,良,0,6,サラコスティ,https://db.netkeiba.com/horse/2022104793/,2022104793,牡,4,58.0,レーン,,
2026-07-25-02-08,202607020108,2026-07-25,中京,8,香嵐渓特別,芝,2000,左,unknown,良,0,7,サンダーバード,https://db.netkeiba.com/horse/2023105292/,2023105292,牝,3,53.0,今村,,
2026-07-25-02-08,202607020108,2026-07-25,中京,8,香嵐渓特別,芝,2000,左,unknown,良,0,8,スノースケープ,https://db.netkeiba.com/horse/2023107516/,2023107516,牝,3,53.0,川田,,
2026-07-25-02-08,202607020108,2026-07-25,中京,8,香嵐渓特別,芝,2000,左,unknown,良,0,9,パイオニアスクエア,https://db.netkeiba.com/horse/2022105367/,2022105367,牡,4,58.0,富田,,
2026-07-25-02-08,202607020108,2026-07-25,中京,8,香嵐渓特別,芝,2000,左,unknown,良,0,10,ブラックシャリマー,https://db.netkeiba.com/horse/2023103246/,2023103246,牡,3,55.0,西村淳,,
2026-07-25-02-08,202607020108,2026-07-25,中京,8,香嵐渓特別,芝,2000,左,unknown,良,0,11,メイショウキンタイ,https://db.netkeiba.com/horse/2022100068/,2022100068,牡,4,58.0,和田陽,,
2026-07-25-02-08,202607020108,2026-07-25,中京,8,香嵐渓特別,芝,2000,左,unknown,良,0,12,メイショウナルカミ,https://db.netkeiba.com/horse/2023106560/,2023106560,牡,3,55.0,川田,,
2026-07-25-02-08,202607020108,2026-07-25,中京,8,香嵐渓特別,芝,2000,左,unknown,良,0,13,ロードフィレール,https://db.netkeiba.com/horse/2023105818/,2023105818,牡,3,55.0,武豊,,
2026-07-25-03-10,202601010110,2026-07-25,札幌,10,ライラック賞,芝,2600,右,unknown,良,0,1,アスクデッドヒート,https://db.netkeiba.com/horse/2022105839/,2022105839,牡,4,58.0,古川奈,,
2026-07-25-03-10,202601010110,2026-07-25,札幌,10,ライラック賞,芝,2600,右,unknown,良,0,2,ヴァイザーバルコ,https://db.netkeiba.com/horse/2020106694/,2020106694,セ,6,58.0,大野,,
2026-07-25-03-10,202601010110,2026-07-25,札幌,10,ライラック賞,芝,2600,右,unknown,良,0,3,ウェイクフィールド,https://db.netkeiba.com/horse/2023103500/,2023103500,牡,3,55.0,横山和,,
2026-07-25-03-10,202601010110,2026-07-25,札幌,10,ライラック賞,芝,2600,右,unknown,良,0,4,ジュンツバメガエシ,https://db.netkeiba.com/horse/2020103208/,2020103208,牡,6,58.0,岩田康,,
2026-07-25-03-10,202601010110,2026-07-25,札幌,10,ライラック賞,芝,2600,右,unknown,良,0,5,ドッビアーコ,https://db.netkeiba.com/horse/2021110130/,2021110130,セ,5,58.0,古川吉,,
2026-07-25-03-10,202601010110,2026-07-25,札幌,10,ライラック賞,芝,2600,右,unknown,良,0,6,バースライト,https://db.netkeiba.com/horse/2022104692/,2022104692,牡,4,58.0,浜中,,
2026-07-25-03-10,202601010110,2026-07-25,札幌,10,ライラック賞,芝,2600,右,unknown,良,0,7,ボンドロア,https://db.netkeiba.com/horse/2022105485/,2022105485,牡,4,58.0,角田和,,
2026-07-25-03-10,202601010110,2026-07-25,札幌,10,ライラック賞,芝,2600,右,unknown,良,0,8,ライフセービング,https://db.netkeiba.com/horse/2021105285/,2021105285,牡,5,58.0,古川吉,,
2026-07-25-03-10,202601010110,2026-07-25,札幌,10,ライラック賞,芝,2600,右,unknown,良,0,9,リギーロ,https://db.netkeiba.com/horse/2022106624/,2022106624,牡,4,58.0,丹内,,
2026-07-25-03-10,202601010110,2026-07-25,札幌,10,ライラック賞,芝,2600,右,unknown,良,0,10,レイデラルース,https://db.netkeiba.com/horse/2021105475/,2021105475,牡,5,58.0,北村宏,,
2026-07-25-03-10,202601010110,2026-07-25,札幌,10,ライラック賞,芝,2600,右,unknown,良,0,11,レイヤードレッド,https://db.netkeiba.com/horse/2022103310/,2022103310,牡,4,58.0,長浜,,
2026-07-25-03-11,202601010111,2026-07-25,札幌,11,TVh賞,芝,1200,右,unknown,良,0,1,アスクケンタッキー,https://db.netkeiba.com/horse/2023110100/,2023110100,牡,3,55.0,武豊,,
2026-07-25-03-11,202601010111,2026-07-25,札幌,11,TVh賞,芝,1200,右,unknown,良,0,2,アンジュプロミス,https://db.netkeiba.com/horse/2023102577/,2023102577,牝,3,53.0,古川奈,,
2026-07-25-03-11,202601010111,2026-07-25,札幌,11,TVh賞,芝,1200,右,unknown,良,0,3,ウィルオレオール,https://db.netkeiba.com/horse/2022109024/,2022109024,牡,4,58.0,石川倭,,
2026-07-25-03-11,202601010111,2026-07-25,札幌,11,TVh賞,芝,1200,右,unknown,良,0,4,エヴァンスウィート,https://db.netkeiba.com/horse/2021105689/,2021105689,牝,5,56.0,吉田隼,,
2026-07-25-03-11,202601010111,2026-07-25,札幌,11,TVh賞,芝,1200,右,unknown,良,0,5,クリエープキー,https://db.netkeiba.com/horse/2023103355/,2023103355,牝,3,53.0,吉田豊,,
2026-07-25-03-11,202601010111,2026-07-25,札幌,11,TVh賞,芝,1200,右,unknown,良,0,6,ゴールドサーベル,https://db.netkeiba.com/horse/2021105039/,2021105039,牡,5,58.0,小沢,,
2026-07-25-03-11,202601010111,2026-07-25,札幌,11,TVh賞,芝,1200,右,unknown,良,0,7,サウスバンク,https://db.netkeiba.com/horse/2022101443/,2022101443,牝,4,56.0,丹内,,
2026-07-25-03-11,202601010111,2026-07-25,札幌,11,TVh賞,芝,1200,右,unknown,良,0,8,シカゴスティング,https://db.netkeiba.com/horse/2021105242/,2021105242,牝,5,56.0,武豊,,
2026-07-25-03-11,202601010111,2026-07-25,札幌,11,TVh賞,芝,1200,右,unknown,良,0,9,パクスロマーナ,https://db.netkeiba.com/horse/2020104616/,2020104616,牝,6,56.0,舟山,,
2026-07-25-03-11,202601010111,2026-07-25,札幌,11,TVh賞,芝,1200,右,unknown,良,0,10,メルトユアハート,https://db.netkeiba.com/horse/2021100143/,2021100143,牝,5,56.0,横山和,,
2026-07-25-03-11,202601010111,2026-07-25,札幌,11,TVh賞,芝,1200,右,unknown,良,0,11,ルーフ,https://db.netkeiba.com/horse/2020104194/,2020104194,牝,6,56.0,佐々木,,
2026-07-25-03-11,202601010111,2026-07-25,札幌,11,TVh賞,芝,1200,右,unknown,良,0,12,ロジケープ,https://db.netkeiba.com/horse/2023104015/,2023104015,牡,3,55.0,丹内,,
2026-07-25-03-12,202601010112,2026-07-25,札幌,12,桑園特別,ダ,1700,右,unknown,良,0,1,エンプレスフレーム,https://db.netkeiba.com/horse/2022107254/,2022107254,牝,4,56.0,原田和,,
2026-07-25-03-12,202601010112,2026-07-25,札幌,12,桑園特別,ダ,1700,右,unknown,良,0,2,ギマール,https://db.netkeiba.com/horse/2021105931/,2021105931,牡,5,58.0,国分恭,,
2026-07-25-03-12,202601010112,2026-07-25,札幌,12,桑園特別,ダ,1700,右,unknown,良,0,3,ジュンラトゥール,https://db.netkeiba.com/horse/2021104039/,2021104039,牡,5,58.0,浜中,,
2026-07-25-03-12,202601010112,2026-07-25,札幌,12,桑園特別,ダ,1700,右,unknown,良,0,4,ショウナンヤッホー,https://db.netkeiba.com/horse/2022104605/,2022104605,牡,4,58.0,津村,,
2026-07-25-03-12,202601010112,2026-07-25,札幌,12,桑園特別,ダ,1700,右,unknown,良,0,5,セボンサデッセ,https://db.netkeiba.com/horse/2022104903/,2022104903,牡,4,58.0,武豊,,
2026-07-25-03-12,202601010112,2026-07-25,札幌,12,桑園特別,ダ,1700,右,unknown,良,0,6,ハイクオリティ,https://db.netkeiba.com/horse/2022106924/,2022106924,牡,4,58.0,ゴンサルベ,,
2026-07-25-03-12,202601010112,2026-07-25,札幌,12,桑園特別,ダ,1700,右,unknown,良,0,7,ヒルノピレネー,https://db.netkeiba.com/horse/2020100673/,2020100673,牡,6,58.0,亀田,,
2026-07-25-03-12,202601010112,2026-07-25,札幌,12,桑園特別,ダ,1700,右,unknown,良,0,8,フェスタリア,https://db.netkeiba.com/horse/2022100028/,2022100028,牡,4,58.0,今村,,
2026-07-25-03-12,202601010112,2026-07-25,札幌,12,桑園特別,ダ,1700,右,unknown,良,0,9,フォーワンセルフ,https://db.netkeiba.com/horse/2019102163/,2019102163,牡,7,58.0,荻野琢,,
2026-07-25-03-12,202601010112,2026-07-25,札幌,12,桑園特別,ダ,1700,右,unknown,良,0,10,ベラジオワールド,https://db.netkeiba.com/horse/2022110130/,2022110130,牡,4,57.0,横山和,,
2026-07-25-03-12,202601010112,2026-07-25,札幌,12,桑園特別,ダ,1700,右,unknown,良,0,11,マッスルバック,https://db.netkeiba.com/horse/2021103809/,2021103809,牡,5,58.0,黛,,
2026-07-25-03-12,202601010112,2026-07-25,札幌,12,桑園特別,ダ,1700,右,unknown,良,0,12,メイショウタイピン,https://db.netkeiba.com/horse/2022102828/,2022102828,牡,4,58.0,池添,,
2026-07-25-03-12,202601010112,2026-07-25,札幌,12,桑園特別,ダ,1700,右,unknown,良,0,13,ライフゲート,https://db.netkeiba.com/horse/2022103778/,2022103778,セ,4,58.0,丹内,,
2026-07-25-03-12,202601010112,2026-07-25,札幌,12,桑園特別,ダ,1700,右,unknown,良,0,14,リメンバーヒム,https://db.netkeiba.com/horse/2022100321/,2022100321,牡,4,58.0,石橋脩,,
