race_id,numeric_race_id,date,course,race_number,race_name,target_surface,target_distance,turn,weather,track_condition,frame_number,horse_number,horse_name,horse_url,horse_id,sex,age,weight_carried,jockey,odds,popularity,numeric_race_id_race,date_race,race_name_race,turn_race,weather_race,track_condition_race,history_count,history_confidence,layoff_days,layoff_penalty,last_finish,last3_avg_finish,avg_finish,corner4_count,last3_avg_corner4,avg_corner4,front_rate,running_style,style_confidence,style_source,same_distance_count,same_distance_avg_finish,same_surface_count,same_surface_avg_finish,distance_score,history_score,corner4_restored_flag,used_history_date_col,grade_points_last3_raw,grade_points_last3,stayer_grade_points_last3_raw,stayer_grade_points_last3,grade_distance_style_points_last3_raw,grade_distance_style_points_last3,style_distance_fit_weight,grade_sample_confidence,gate,field_size,gate_risk_score,inside_traffic_risk,style_disadvantage_score,nige_count,senkou_count,sashi_count,oikomi_count,pace_pressure,pace_pressure_rate,pace_collapse_risk_v2,win5_leg,race_label
2026-07-25-01-06,202604020106,2026-07-25,新潟,6,豊栄特別,芝,1600,左,unknown,良,0,1,ガリレア,https://db.netkeiba.com/horse/2023100681/,2023100681,牡,3,55.0,石橋脩,,,202604020106,2026-07-25,豊栄特別,左,unknown,良,8,1.0,27.0,0.0,5.0,8.666666666666666,6.0,8,6.0,3.375,0.75,先行,1.0,corner4_last3,8,6.0,8,6.0,0.65,0.722037,1,history_date,0.16,0.147856,0.0,0.0,0.152,0.141012,0.95,1.0,0,18,0.4070175438596491,0.2,0.0,3,7,6,2,9.2,0.5111111111111111,0.3288888888888889,1,2026-07-25-01-06
2026-07-25-01-06,202604020106,2026-07-25,新潟,6,豊栄特別,芝,1600,左,unknown,良,0,2,ギフテッド,https://db.netkeiba.com/horse/2022102920/,2022102920,牝,4,56.0,今村,,,202604020106,2026-07-25,豊栄特別,左,unknown,良,8,1.0,35.0,0.0,9.0,5.666666666666667,6.0,8,7.0,7.125,0.125,差し,1.0,corner4_last3,8,6.0,8,6.0,0.65,0.744815,1,history_date,0.063,0.061057,0.0,0.0,0.05355,0.052141,0.85,1.0,0,18,0.5017543859649123,0.8,0.2,3,7,6,2,9.2,0.5111111111111111,0.3288888888888889,1,2026-07-25-01-06
2026-07-25-01-06,202604020106,2026-07-25,新潟,6,豊栄特別,芝,1600,左,unknown,良,0,3,ケイケイ,https://db.netkeiba.com/horse/2021103799/,2021103799,セ,5,58.0,木幡巧,,,202604020106,2026-07-25,豊栄特別,左,unknown,良,26,1.0,56.0,0.02,9.0,8.0,6.230769230769231,26,6.0,6.8076923076923075,0.3076923076923077,先行,1.0,corner4_last3,26,6.230769230769231,26,6.230769230769231,0.643077,0.662863,1,history_date,0.01836,0.018192,0.0,0.0,0.017442,0.017291,0.95,1.0,0,18,0.42105263157894735,0.2,0.0,3,7,6,2,9.2,0.5111111111111111,0.3288888888888889,1,2026-07-25-01-06
2026-07-25-01-06,202604020106,2026-07-25,新潟,6,豊栄特別,芝,1600,左,unknown,良,0,4,コルドンブルー,https://db.netkeiba.com/horse/2022106619/,2022106619,牝,4,56.0,岩田望,,,202604020106,2026-07-25,豊栄特別,左,unknown,良,7,1.0,70.0,0.02,1.0,2.3333333333333335,2.142857142857143,7,9.0,9.428571428571429,0.0,差し,1.0,corner4_last3,7,2.142857142857143,7,2.142857142857143,0.765714,0.940106,1,history_date,0.14022,0.130833,0.0,0.0,0.119187,0.112358,0.85,1.0,0,18,0.6350877192982456,0.8,0.2,3,7,6,2,9.2,0.5111111111111111,0.3288888888888889,1,2026-07-25-01-06
2026-07-25-01-06,202604020106,2026-07-25,新潟,6,豊栄特別,芝,1600,左,unknown,良,0,5,コンフェルマ,https://db.netkeiba.com/horse/2021105970/,2021105970,セ,5,58.0,小牧加,,,202604020106,2026-07-25,豊栄特別,左,unknown,良,7,1.0,63.0,0.02,7.0,9.333333333333334,5.142857142857143,7,8.333333333333334,5.285714285714286,0.42857142857142855,差し,1.0,corner4_last3,1,12.0,6,4.833333333333333,0.397667,0.660661,1,history_date,0.0,0.0,0.0,0.0,0.0,0.0,0.85,1.0,0,18,0.4666666666666667,0.8,0.2,3,7,6,2,9.2,0.5111111111111111,0.3288888888888889,1,2026-07-25-01-06
2026-07-25-01-06,202604020106,2026-07-25,新潟,6,豊栄特別,芝,1600,左,unknown,良,0,6,ゴールドスター,https://db.netkeiba.com/horse/2021103561/,2021103561,牡,5,58.0,横山和,,,202604020106,2026-07-25,豊栄特別,左,unknown,良,18,1.0,49.0,0.02,16.0,10.0,5.555555555555555,18,13.333333333333334,6.777777777777778,0.3333333333333333,追込,1.0,corner4_last3,5,9.8,16,5.9375,0.574625,0.51642,1,history_date,0.0,0.0,0.0,0.0,0.0,0.0,0.7,1.0,0,18,0.6105263157894738,0.8,0.35,3,7,6,2,9.2,0.5111111111111111,0.3288888888888889,1,2026-07-25-01-06
2026-07-25-01-06,202604020106,2026-07-25,新潟,6,豊栄特別,芝,1600,左,unknown,良,0,7,シャンソンドール,https://db.netkeiba.com/horse/2022105038/,2022105038,牝,4,56.0,レーン,,,202604020106,2026-07-25,豊栄特別,左,unknown,良,6,1.0,70.0,0.02,2.0,2.0,1.8333333333333333,6,1.6666666666666667,3.5,0.8333333333333334,逃げ,1.0,corner4_last3,2,1.5,6,1.8333333333333333,0.673667,0.936296,1,history_date,0.18288,0.167132,0.0,0.0,0.169427,0.155851,0.95,1.0,0,18,0.4105263157894737,0.2,0.0,3,7,6,2,9.2,0.5111111111111111,0.3288888888888889,1,2026-07-25-01-06
2026-07-25-01-06,202604020106,2026-07-25,新潟,6,豊栄特別,芝,1600,左,unknown,良,0,8,ジーネキング,https://db.netkeiba.com/horse/2023104885/,2023104885,牡,3,55.0,菊沢,,,202604020106,2026-07-25,豊栄特別,左,unknown,良,10,1.0,27.0,0.0,7.0,7.666666666666667,6.5,10,6.333333333333333,2.9,0.7,先行,1.0,corner4_last3,8,5.375,10,6.5,0.6575,0.718148,1,history_date,0.252,0.222755,0.0,0.0,0.2394,0.2129,0.95,1.0,0,18,0.43859649122807015,0.2,0.0,3,7,6,2,9.2,0.5111111111111111,0.3288888888888889,1,2026-07-25-01-06
2026-07-25-01-06,202604020106,2026-07-25,新潟,6,豊栄特別,芝,1600,左,unknown,良,0,9,ソニックライン,https://db.netkeiba.com/horse/2021105871/,2021105871,セ,5,58.0,ゴンサルベ,,,202604020106,2026-07-25,豊栄特別,左,unknown,良,19,1.0,48.0,0.0,1.0,2.3333333333333335,4.2631578947368425,19,4.666666666666667,6.2105263157894735,0.47368421052631576,先行,1.0,corner4_last3,19,4.2631578947368425,10,3.4,0.710737,0.950682,1,history_date,0.14022,0.130833,0.0,0.0,0.133209,0.124718,0.95,1.0,0,18,0.4982456140350877,0.2,0.0,3,7,6,2,9.2,0.5111111111111111,0.3288888888888889,1,2026-07-25-01-06
2026-07-25-01-06,202604020106,2026-07-25,新潟,6,豊栄特別,芝,1600,左,unknown,良,0,10,ドリームクルーズ,https://db.netkeiba.com/horse/2021104899/,2021104899,牝,5,56.0,吉田豊,,,202604020106,2026-07-25,豊栄特別,左,unknown,良,22,1.0,62.0,0.02,8.0,10.666666666666666,6.818181818181818,22,1.3333333333333333,4.454545454545454,0.5909090909090909,逃げ,1.0,corner4_last3,22,6.818181818181818,19,6.2105263157894735,0.631531,0.604512,1,history_date,0.0,0.0,0.0,0.0,0.0,0.0,0.95,1.0,0,18,0.21754385964912282,0.2,0.0,3,7,6,2,9.2,0.5111111111111111,0.3288888888888889,1,2026-07-25-01-06
2026-07-25-01-06,202604020106,2026-07-25,新潟,6,豊栄特別,芝,1600,左,unknown,良,0,11,ナグルファル,https://db.netkeiba.com/horse/2022105552/,2022105552,セ,4,58.0,和田陽,,,202604020106,2026-07-25,豊栄特別,左,unknown,良,8,1.0,111.0,0.045,12.0,11.0,7.25,8,6.0,4.25,0.75,先行,1.0,corner4_last3,2,10.5,7,6.571428571428571,0.446286,0.513333,1,history_date,0.0,0.0,0.0,0.0,0.0,0.0,0.95,1.0,0,18,0.35789473684210527,0.2,0.0,3,7,6,2,9.2,0.5111111111111111,0.3288888888888889,1,2026-07-25-01-06
2026-07-25-01-06,202604020106,2026-07-25,新潟,6,豊栄特別,芝,1600,左,unknown,良,0,12,ナファロア,https://db.netkeiba.com/horse/2021105150/,2021105150,セ,5,58.0,石橋脩,,,202604020106,2026-07-25,豊栄特別,左,unknown,良,16,1.0,63.0,0.02,12.0,10.0,8.125,16,14.666666666666666,9.25,0.25,追込,1.0,corner4_last3,12,7.416666666666667,15,7.933333333333334,0.602333,0.560556,1,history_date,0.0,0.0,0.0,0.0,0.0,0.0,0.7,1.0,0,18,0.6526315789473685,0.8,0.35,3,7,6,2,9.2,0.5111111111111111,0.3288888888888889,1,2026-07-25-01-06
2026-07-25-01-06,202604020106,2026-07-25,新潟,6,豊栄特別,芝,1600,左,unknown,良,0,13,ホウオウタイタン,https://db.netkeiba.com/horse/2022103278/,2022103278,牝,4,56.0,田山,,,202604020106,2026-07-25,豊栄特別,左,unknown,良,8,1.0,55.0,0.02,2.0,1.6666666666666667,4.75,8,7.0,8.25,0.375,差し,1.0,corner4_last3,1,6.0,8,4.75,0.5185,0.932037,1,history_date,0.19926,0.180663,0.0,0.0,0.135497,0.126718,0.85,1.0,0,18,0.5859649122807018,0.8,0.2,3,7,6,2,9.2,0.5111111111111111,0.3288888888888889,1,2026-07-25-01-06
2026-07-25-01-06,202604020106,2026-07-25,新潟,6,豊栄特別,芝,1600,左,unknown,良,0,14,ミッキースターダム,https://db.netkeiba.com/horse/2021105765/,2021105765,セ,5,58.0,丹内,,,202604020106,2026-07-25,豊栄特別,左,unknown,良,23,1.0,69.0,0.02,3.0,5.666666666666667,6.173913043478261,23,1.6666666666666667,3.260869565217391,0.8260869565217391,逃げ,1.0,corner4_last3,20,5.65,22,5.818181818181818,0.658818,0.807375,1,history_date,0.1251,0.117591,0.0,0.0,0.118845,0.112055,0.95,1.0,0,18,0.3333333333333333,0.2,0.0,3,7,6,2,9.2,0.5111111111111111,0.3288888888888889,1,2026-07-25-01-06
2026-07-25-01-06,202604020106,2026-07-25,新潟,6,豊栄特別,芝,1600,左,unknown,良,0,15,メランジェ,https://db.netkeiba.com/horse/2022105047/,2022105047,牝,4,56.0,ゴンサルベ,,,202604020106,2026-07-25,豊栄特別,左,unknown,良,8,1.0,35.0,0.0,10.0,6.0,5.625,8,9.666666666666666,7.75,0.125,差し,1.0,corner4_last3,8,5.625,8,5.625,0.66125,0.723889,1,history_date,0.0765,0.073647,0.0,0.0,0.065025,0.062956,0.85,1.0,0,18,0.5789473684210527,0.8,0.2,3,7,6,2,9.2,0.5111111111111111,0.3288888888888889,1,2026-07-25-01-06
2026-07-25-01-06,202604020106,2026-07-25,新潟,6,豊栄特別,芝,1600,左,unknown,良,0,16,ラビットアイ,https://db.netkeiba.com/horse/2021102597/,2021102597,牝,5,56.0,田口,,,202604020106,2026-07-25,豊栄特別,左,unknown,良,15,1.0,27.0,0.0,7.0,6.333333333333333,5.466666666666667,15,6.0,6.133333333333334,0.4,先行,1.0,corner4_last3,6,3.5,15,5.466666666666667,0.705333,0.757556,1,history_date,0.01836,0.018192,0.0,0.0,0.017442,0.017291,0.95,1.0,0,18,0.456140350877193,0.2,0.0,3,7,6,2,9.2,0.5111111111111111,0.3288888888888889,1,2026-07-25-01-06
2026-07-25-01-06,202604020106,2026-07-25,新潟,6,豊栄特別,芝,1600,左,unknown,良,0,17,リカントロポ,https://db.netkeiba.com/horse/2022100080/,2022100080,牡,4,58.0,田口,,,202604020106,2026-07-25,豊栄特別,左,unknown,良,16,1.0,91.0,0.045,3.0,3.3333333333333335,4.75,16,6.333333333333333,6.4375,0.1875,先行,1.0,corner4_last3,14,4.142857142857143,16,4.75,0.699643,0.84963,1,history_date,0.10098,0.096049,0.0,0.0,0.095931,0.091473,0.95,1.0,0,18,0.5298245614035088,0.2,0.0,3,7,6,2,9.2,0.5111111111111111,0.3288888888888889,1,2026-07-25-01-06
2026-07-25-01-06,202604020106,2026-07-25,新潟,6,豊栄特別,芝,1600,左,unknown,良,0,18,ルナルーチェット,https://db.netkeiba.com/horse/2022105233/,2022105233,牝,4,56.0,田辺,,,202604020106,2026-07-25,豊栄特別,左,unknown,良,12,1.0,63.0,0.02,1.0,6.0,6.75,12,10.0,5.666666666666667,0.5833333333333334,差し,1.0,corner4_last3,11,6.2727272727272725,12,6.75,0.637045,0.823889,1,history_date,0.11754,0.110895,0.0,0.0,0.099909,0.09508,0.85,1.0,0,18,0.5894736842105264,0.8,0.2,3,7,6,2,9.2,0.5111111111111111,0.3288888888888889,1,2026-07-25-01-06
2026-07-25-01-07,202604020107,2026-07-25,新潟,7,新潟日報賞,芝,1400,左,unknown,良,0,1,アームテイル,https://db.netkeiba.com/horse/2020106900/,2020106900,牝,6,56.0,吉田豊,,,202604020107,2026-07-25,新潟日報賞,左,unknown,良,25,1.0,90.0,0.045,11.0,13.0,7.2,25,7.0,7.2,0.36,差し,1.0,corner4_last3,16,7.8125,25,7.2,0.60175,0.475222,1,history_date,0.0,0.0,0.0,0.0,0.0,0.0,0.85,1.0,0,18,0.34736842105263155,0.8,0.2,1,7,7,3,6.800000000000001,0.3777777777777778,0.28222222222222226,3,2026-07-25-01-07
2026-07-25-01-07,202604020107,2026-07-25,新潟,7,新潟日報賞,芝,1400,左,unknown,良,0,2,ヴェサリウス,https://db.netkeiba.com/horse/2021104401/,2021104401,牡,5,58.0,横山武,,,202604020107,2026-07-25,新潟日報賞,左,unknown,良,16,1.0,34.0,0.0,8.0,6.0,5.6875,16,7.666666666666667,4.4375,0.625,差し,1.0,corner4_last3,14,5.5,11,5.909090909090909,0.660909,0.751389,1,history_date,0.02992,0.029477,0.0,0.0,0.025432,0.025111,0.85,1.0,0,18,0.5157894736842106,0.8,0.2,1,7,7,3,6.800000000000001,0.3777777777777778,0.28222222222222226,3,2026-07-25-01-07
2026-07-25-01-07,202604020107,2026-07-25,新潟,7,新潟日報賞,芝,1400,左,unknown,良,0,3,ウナギノボリ,https://db.netkeiba.com/horse/2019107016/,2019107016,牡,7,58.0,菊沢,,,202604020107,2026-07-25,新潟日報賞,左,unknown,良,59,1.0,14.0,0.0,8.0,12.333333333333334,8.086206896551724,59,10.333333333333334,11.745762711864407,0.01694915254237288,追込,1.0,corner4_last3,55,8.11111111111111,25,7.88,0.588978,0.575358,1,history_date,0.0,0.0,0.0,0.0,0.0,0.0,0.7,1.0,0,18,0.4666666666666667,0.8,0.35,1,7,7,3,6.800000000000001,0.3777777777777778,0.28222222222222226,3,2026-07-25-01-07
2026-07-25-01-07,202604020107,2026-07-25,新潟,7,新潟日報賞,芝,1400,左,unknown,良,0,4,エイムフォーエース,https://db.netkeiba.com/horse/2021104167/,2021104167,牡,5,58.0,高杉,,,202604020107,2026-07-25,新潟日報賞,左,unknown,良,30,1.0,62.0,0.02,10.0,8.333333333333334,7.0,30,11.666666666666666,9.633333333333333,0.06666666666666667,追込,1.0,corner4_last3,27,6.925925925925926,25,7.6,0.615481,0.636852,1,history_date,0.0,0.0,0.0,0.0,0.0,0.0,0.7,1.0,0,18,0.5929824561403508,0.8,0.35,1,7,7,3,6.800000000000001,0.3777777777777778,0.28222222222222226,3,2026-07-25-01-07
2026-07-25-01-07,202604020107,2026-07-25,新潟,7,新潟日報賞,芝,1400,左,unknown,良,0,5,エマヌエーレ,https://db.netkeiba.com/horse/2020103280/,2020103280,牡,6,58.0,鮫島駿,,,202604020107,2026-07-25,新潟日報賞,左,unknown,良,32,1.0,55.0,0.02,3.0,4.0,5.5625,32,7.666666666666667,5.6875,0.4375,差し,1.0,corner4_last3,24,5.416666666666667,31,5.516129032258065,0.666505,0.853611,1,history_date,0.13376,0.1252,0.0,0.0,0.113696,0.107471,0.85,1.0,0,18,0.5578947368421053,0.8,0.2,1,7,7,3,6.800000000000001,0.3777777777777778,0.28222222222222226,3,2026-07-25-01-07
2026-07-25-01-07,202604020107,2026-07-25,新潟,7,新潟日報賞,芝,1400,左,unknown,良,0,6,キタサンダムール,https://db.netkeiba.com/horse/2020102310/,2020102310,牝,6,56.0,田山,,,202604020107,2026-07-25,新潟日報賞,左,unknown,良,22,1.0,55.0,0.02,2.0,6.0,5.095238095238095,21,6.333333333333333,5.476190476190476,0.4090909090909091,先行,1.0,corner4_last3,14,5.6923076923076925,22,5.095238095238095,0.665201,0.817354,1,history_date,0.1364,0.127506,0.0,0.0,0.12958,0.121536,0.95,1.0,0,18,0.4736842105263158,0.2,0.0,1,7,7,3,6.800000000000001,0.3777777777777778,0.28222222222222226,3,2026-07-25-01-07
2026-07-25-01-07,202604020107,2026-07-25,新潟,7,新潟日報賞,芝,1400,左,unknown,良,0,7,コートアリシアン,https://db.netkeiba.com/horse/2022105326/,2022105326,牝,4,56.0,津村,,,202604020107,2026-07-25,新潟日報賞,左,unknown,良,13,1.0,62.0,0.02,2.0,3.3333333333333335,3.769230769230769,13,5.0,7.6923076923076925,0.23076923076923078,先行,1.0,corner4_last3,13,3.769230769230769,13,3.769230769230769,0.716923,0.892877,1,history_date,0.22836,0.204162,0.0,0.0,0.216942,0.195023,0.95,1.0,0,18,0.48771929824561405,0.2,0.0,1,7,7,3,6.800000000000001,0.3777777777777778,0.28222222222222226,3,2026-07-25-01-07
2026-07-25-01-07,202604020107,2026-07-25,新潟,7,新潟日報賞,芝,1400,左,unknown,良,0,8,スティールブルー,https://db.netkeiba.com/horse/2021105888/,2021105888,牝,5,56.0,古川吉,,,202604020107,2026-07-25,新潟日報賞,左,unknown,良,16,1.0,34.0,0.0,9.0,7.666666666666667,6.0,16,8.333333333333334,6.625,0.3125,差し,1.0,corner4_last3,16,6.0,11,4.818181818181818,0.661818,0.692593,1,history_date,0.02992,0.029477,0.0,0.0,0.025432,0.025111,0.85,1.0,0,18,0.5017543859649123,0.8,0.2,1,7,7,3,6.800000000000001,0.3777777777777778,0.28222222222222226,3,2026-07-25-01-07
2026-07-25-01-07,202604020107,2026-07-25,新潟,7,新潟日報賞,芝,1400,左,unknown,良,0,9,スマイルアップ,https://db.netkeiba.com/horse/2019103815/,2019103815,牝,7,56.0,松岡,,,202604020107,2026-07-25,新潟日報賞,左,unknown,良,37,1.0,14.0,0.0,3.0,6.666666666666667,6.861111111111111,37,3.6666666666666665,5.027027027027027,0.5405405405405406,先行,1.0,corner4_last3,35,6.911764705882353,13,7.230769230769231,0.619457,0.79821,1,history_date,0.14652,0.136292,0.0,0.0,0.139194,0.129941,0.95,1.0,0,18,0.37543859649122807,0.2,0.0,1,7,7,3,6.800000000000001,0.3777777777777778,0.28222222222222226,3,2026-07-25-01-07
2026-07-25-01-07,202604020107,2026-07-25,新潟,7,新潟日報賞,芝,1400,左,unknown,良,0,10,チューラワンサ,https://db.netkeiba.com/horse/2022104918/,2022104918,牝,4,56.0,原,,,202604020107,2026-07-25,新潟日報賞,左,unknown,良,9,1.0,90.0,0.045,12.0,8.666666666666666,5.222222222222222,9,6.333333333333333,6.333333333333333,0.3333333333333333,先行,1.0,corner4_last3,9,5.222222222222222,9,5.222222222222222,0.673333,0.583272,1,history_date,0.0945,0.090172,0.0,0.0,0.089775,0.085863,0.95,1.0,0,18,0.4175438596491228,0.2,0.0,1,7,7,3,6.800000000000001,0.3777777777777778,0.28222222222222226,3,2026-07-25-01-07
2026-07-25-01-07,202604020107,2026-07-25,新潟,7,新潟日報賞,芝,1400,左,unknown,良,0,11,ピコローズ,https://db.netkeiba.com/horse/2022101765/,2022101765,牝,4,56.0,三浦,,,202604020107,2026-07-25,新潟日報賞,左,unknown,良,14,1.0,62.0,0.02,8.0,5.0,3.857142857142857,14,7.666666666666667,5.857142857142857,0.35714285714285715,差し,1.0,corner4_last3,13,3.4615384615384617,14,3.857142857142857,0.722198,0.765635,1,history_date,0.0945,0.090172,0.0,0.0,0.080325,0.077184,0.85,1.0,0,18,0.5368421052631579,0.8,0.2,1,7,7,3,6.800000000000001,0.3777777777777778,0.28222222222222226,3,2026-07-25-01-07
2026-07-25-01-07,202604020107,2026-07-25,新潟,7,新潟日報賞,芝,1400,左,unknown,良,0,12,フライングブレード,https://db.netkeiba.com/horse/2020100906/,2020100906,牡,6,58.0,石橋脩,,,202604020107,2026-07-25,新潟日報賞,左,unknown,良,28,1.0,34.0,0.0,5.0,7.333333333333333,6.0,28,4.666666666666667,6.785714285714286,0.35714285714285715,先行,1.0,corner4_last3,28,6.0,23,6.217391304347826,0.647826,0.756852,1,history_date,0.05984,0.058085,0.0,0.0,0.056848,0.055262,0.95,1.0,0,18,0.3929824561403509,0.2,0.0,1,7,7,3,6.800000000000001,0.3777777777777778,0.28222222222222226,3,2026-07-25-01-07
2026-07-25-01-07,202604020107,2026-07-25,新潟,7,新潟日報賞,芝,1400,左,unknown,良,0,13,ポッドロワール,https://db.netkeiba.com/horse/2022101573/,2022101573,牡,4,58.0,荻野極,,,202604020107,2026-07-25,新潟日報賞,左,unknown,良,16,1.0,118.0,0.045,15.0,6.0,5.9375,16,7.666666666666667,5.375,0.5,差し,1.0,corner4_last3,9,5.111111111111111,14,5.357142857142857,0.674206,0.608056,1,history_date,0.17334,0.159148,0.0,0.0,0.147339,0.136999,0.85,1.0,0,18,0.5157894736842106,0.8,0.2,1,7,7,3,6.800000000000001,0.3777777777777778,0.28222222222222226,3,2026-07-25-01-07
2026-07-25-01-07,202604020107,2026-07-25,新潟,7,新潟日報賞,芝,1400,左,unknown,良,0,14,ボンヌソワレ,https://db.netkeiba.com/horse/2022105435/,2022105435,牝,4,56.0,津村,,,202604020107,2026-07-25,新潟日報賞,左,unknown,良,14,1.0,90.0,0.045,1.0,3.0,3.857142857142857,14,2.6666666666666665,4.071428571428571,0.6428571428571429,逃げ,1.0,corner4_last3,14,3.857142857142857,14,3.857142857142857,0.714286,0.890079,1,history_date,0.18738,0.170871,0.0,0.0,0.178011,0.163067,0.95,1.0,0,18,0.42105263157894735,0.2,0.0,1,7,7,3,6.800000000000001,0.3777777777777778,0.28222222222222226,3,2026-07-25-01-07
2026-07-25-01-07,202604020107,2026-07-25,新潟,7,新潟日報賞,芝,1400,左,unknown,良,0,15,ミストレス,https://db.netkeiba.com/horse/2022103754/,2022103754,牝,4,56.0,田口,,,202604020107,2026-07-25,新潟日報賞,左,unknown,良,16,1.0,97.0,0.045,9.0,13.0,7.5,15,10.333333333333334,6.066666666666666,0.375,追込,1.0,corner4_last3,15,7.733333333333333,13,8.076923076923077,0.594564,0.501667,1,history_date,0.0,0.0,0.0,0.0,0.0,0.0,0.7,1.0,0,18,0.45263157894736844,0.8,0.35,1,7,7,3,6.800000000000001,0.3777777777777778,0.28222222222222226,3,2026-07-25-01-07
2026-07-25-01-07,202604020107,2026-07-25,新潟,7,新潟日報賞,芝,1400,左,unknown,良,0,16,モジャーリオ,https://db.netkeiba.com/horse/2022106603/,2022106603,牡,4,58.0,高杉,,,202604020107,2026-07-25,新潟日報賞,左,unknown,良,19,1.0,181.0,0.1,7.0,6.0,4.368421052631579,19,5.0,5.421052631578948,0.42105263157894735,先行,1.0,corner4_last3,19,4.368421052631579,18,4.444444444444445,0.698187,0.67114,1,history_date,0.06732,0.065104,0.0,0.0,0.063954,0.061952,0.95,1.0,0,18,0.43157894736842106,0.2,0.0,1,7,7,3,6.800000000000001,0.3777777777777778,0.28222222222222226,3,2026-07-25-01-07
2026-07-25-01-07,202604020107,2026-07-25,新潟,7,新潟日報賞,芝,1400,左,unknown,良,0,17,モンテシート,https://db.netkeiba.com/horse/2022105108/,2022105108,牡,4,58.0,ディー,,,202604020107,2026-07-25,新潟日報賞,左,unknown,良,15,1.0,90.0,0.045,7.0,6.666666666666667,3.8666666666666667,15,3.6666666666666665,3.0,0.8,先行,1.0,corner4_last3,14,3.7142857142857144,14,3.7142857142857144,0.718571,0.710963,1,history_date,0.02464,0.024339,0.0,0.0,0.023408,0.023136,0.95,1.0,0,18,0.37543859649122807,0.2,0.0,1,7,7,3,6.800000000000001,0.3777777777777778,0.28222222222222226,3,2026-07-25-01-07
2026-07-25-01-07,202604020107,2026-07-25,新潟,7,新潟日報賞,芝,1400,左,unknown,良,0,18,ルミノメテオール,https://db.netkeiba.com/horse/2020104332/,2020104332,牝,6,56.0,酒井,,,202604020107,2026-07-25,新潟日報賞,左,unknown,良,19,1.0,55.0,0.02,16.0,12.666666666666666,8.0,19,7.666666666666667,7.2631578947368425,0.21052631578947367,差し,1.0,corner4_last3,19,8.0,18,7.555555555555555,0.594444,0.435926,1,history_date,0.0,0.0,0.0,0.0,0.0,0.0,0.85,1.0,0,18,0.3754385964912281,0.8,0.2,1,7,7,3,6.800000000000001,0.3777777777777778,0.28222222222222226,3,2026-07-25-01-07
2026-07-25-01-08,202604020108,2026-07-25,新潟,8,清津峡特別,ダ,1800,左,unknown,良,0,1,アヴァランチ,https://db.netkeiba.com/horse/2023101495/,2023101495,牡,3,55.0,三浦,,,202604020108,2026-07-25,清津峡特別,左,unknown,良,6,1.0,42.0,0.0,6.0,3.0,4.333333333333333,6,4.0,6.166666666666667,0.3333333333333333,先行,1.0,corner4_last3,1,8.0,6,4.333333333333333,0.482667,0.863519,1,history_date,0.052644,0.051282,0.0,0.0,0.028428,0.028027,0.9,1.0,0,14,0.4800000000000001,0.2,0.0,2,5,6,1,6.4,0.4571428571428572,0.31,5,2026-07-25-01-08
2026-07-25-01-08,202604020108,2026-07-25,新潟,8,清津峡特別,ダ,1800,左,unknown,良,0,2,イリュストル,https://db.netkeiba.com/horse/2022105154/,2022105154,牡,4,58.0,佐々木,,,202604020108,2026-07-25,清津峡特別,左,unknown,良,5,1.0,62.0,0.02,8.0,9.666666666666666,6.6,5,7.333333333333333,5.2,0.4,差し,1.0,corner4_last3,2,6.5,0,,0.281213,0.631593,1,history_date,0.0,0.0,0.0,0.0,0.0,0.0,0.9,1.0,0,14,0.4355555555555556,0.8,0.2,2,5,6,1,6.4,0.4571428571428572,0.31,5,2026-07-25-01-08
2026-07-25-01-08,202604020108,2026-07-25,新潟,8,清津峡特別,ダ,1800,左,unknown,良,0,3,インナーパッション,https://db.netkeiba.com/horse/2023103714/,2023103714,牡,3,55.0,横山琉,,,202604020108,2026-07-25,清津峡特別,左,unknown,良,2,0.866667,48.0,0.0,1.0,4.0,4.0,2,7.0,7.0,0.0,差し,1.0,corner4_last3,1,7.0,1,1.0,0.357252,0.787223,1,history_date,0.041,0.034815,0.0,0.0,0.02952,0.02521,0.9,0.866667,0,14,0.5733333333333334,0.8,0.2,2,5,6,1,6.4,0.4571428571428572,0.31,5,2026-07-25-01-08
2026-07-25-01-08,202604020108,2026-07-25,新潟,8,清津峡特別,ダ,1800,左,unknown,良,0,4,ヴィエントデコラ,https://db.netkeiba.com/horse/2023103677/,2023103677,牡,3,55.0,田山,,,202604020108,2026-07-25,清津峡特別,左,unknown,良,10,1.0,13.0,0.0,9.0,8.666666666666666,4.5,10,6.666666666666667,5.2,0.4,差し,1.0,corner4_last3,9,4.555555555555555,10,4.5,0.693889,0.673148,1,history_date,0.0,0.0,0.0,0.0,0.0,0.0,0.9,1.0,0,14,0.4355555555555556,0.8,0.2,2,5,6,1,6.4,0.4571428571428572,0.31,5,2026-07-25-01-08
2026-07-25-01-08,202604020108,2026-07-25,新潟,8,清津峡特別,ダ,1800,左,unknown,良,0,5,ケルピー,https://db.netkeiba.com/horse/2022101801/,2022101801,セ,4,58.0,赤岡修,,,202604020108,2026-07-25,清津峡特別,左,unknown,良,12,1.0,98.0,0.045,2.0,1.5,3.1,10,1.5,3.7,0.6666666666666666,逃げ,1.0,corner4_last3,5,4.8,12,3.1,0.703,0.918722,1,history_date,0.0726,0.070027,0.0,0.0,0.05841,0.056737,0.9,1.0,0,14,0.42000000000000004,0.2,0.0,2,5,6,1,6.4,0.4571428571428572,0.31,5,2026-07-25-01-08
2026-07-25-01-08,202604020108,2026-07-25,新潟,8,清津峡特別,ダ,1800,左,unknown,良,0,6,コッレヴェッキオ,https://db.netkeiba.com/horse/2021105730/,2021105730,セ,5,58.0,北村宏,,,202604020108,2026-07-25,清津峡特別,左,unknown,良,12,1.0,70.0,0.02,2.0,9.333333333333334,7.083333333333333,12,7.333333333333333,6.75,0.25,差し,1.0,corner4_last3,12,7.083333333333333,10,6.5,0.623333,0.721481,1,history_date,0.0558,0.054272,0.0,0.0,0.05022,0.04898,0.9,1.0,0,14,0.4444444444444444,0.8,0.2,2,5,6,1,6.4,0.4571428571428572,0.31,5,2026-07-25-01-08
2026-07-25-01-08,202604020108,2026-07-25,新潟,8,清津峡特別,ダ,1800,左,unknown,良,0,7,サトノフェンサー,https://db.netkeiba.com/horse/2023103157/,2023103157,牡,3,55.0,三浦,,,202604020108,2026-07-25,清津峡特別,左,unknown,良,2,0.866667,90.0,0.045,1.0,3.5,3.5,2,7.5,7.5,0.0,差し,1.0,corner4_last3,2,3.5,2,3.5,0.493134,0.761463,1,history_date,0.041,0.034815,0.0,0.0,0.0369,0.031397,0.9,0.866667,0,14,0.6066666666666667,0.8,0.2,2,5,6,1,6.4,0.4571428571428572,0.31,5,2026-07-25-01-08
2026-07-25-01-08,202604020108,2026-07-25,新潟,8,清津峡特別,ダ,1800,左,unknown,良,0,8,パイオニアスクエア,https://db.netkeiba.com/horse/2022105367/,2022105367,牡,4,58.0,富田,,,202604020108,2026-07-25,清津峡特別,左,unknown,良,16,1.0,28.0,0.0,5.0,6.0,4.0,16,1.6666666666666667,3.125,0.875,逃げ,1.0,corner4_last3,8,3.75,0,,0.485,0.800556,1,history_date,0.02664,0.026288,0.0,0.0,0.023976,0.023691,0.9,1.0,0,14,0.30666666666666664,0.2,0.0,2,5,6,1,6.4,0.4571428571428572,0.31,5,2026-07-25-01-08
2026-07-25-01-08,202604020108,2026-07-25,新潟,8,清津峡特別,ダ,1800,左,unknown,良,0,9,バッカステソーロ,https://db.netkeiba.com/horse/2023106753/,2023106753,牡,3,55.0,山口勲,,,202604020108,2026-07-25,清津峡特別,左,unknown,良,3,1.0,54.0,0.02,1.0,4.666666666666667,4.666666666666667,3,4.666666666666667,4.666666666666667,0.6666666666666666,先行,1.0,corner4_last3,0,,2,1.0,0.185147,0.867963,1,history_date,0.10175,0.096745,0.0,0.0,0.064845,0.062787,0.9,1.0,0,14,0.4622222222222222,0.2,0.0,2,5,6,1,6.4,0.4571428571428572,0.31,5,2026-07-25-01-08
2026-07-25-01-08,202604020108,2026-07-25,新潟,8,清津峡特別,ダ,1800,左,unknown,良,0,10,ハルノアラシ,https://db.netkeiba.com/horse/2022106099/,2022106099,牡,4,58.0,石川,,,202604020108,2026-07-25,清津峡特別,左,unknown,良,19,1.0,14.0,0.0,9.0,7.333333333333333,5.7368421052631575,19,13.666666666666666,7.368421052631579,0.3157894736842105,追込,1.0,corner4_last3,10,4.9,19,5.7368421052631575,0.674632,0.702466,1,history_date,0.0,0.0,0.0,0.0,0.0,0.0,0.8,1.0,0,14,0.7511111111111111,0.8,0.35,2,5,6,1,6.4,0.4571428571428572,0.31,5,2026-07-25-01-08
2026-07-25-01-08,202604020108,2026-07-25,新潟,8,清津峡特別,ダ,1800,左,unknown,良,0,11,ブレスドナイル,https://db.netkeiba.com/horse/2022110061/,2022110061,牝,4,56.0,斎藤,,,202604020108,2026-07-25,清津峡特別,左,unknown,良,17,1.0,48.0,0.0,7.0,5.333333333333333,5.705882352941177,17,10.0,5.588235294117647,0.47058823529411764,差し,1.0,corner4_last3,17,5.705882352941177,16,5.75,0.658382,0.782603,1,history_date,0.02232,0.022073,0.0,0.0,0.020088,0.019888,0.9,1.0,0,14,0.6577777777777778,0.8,0.2,2,5,6,1,6.4,0.4571428571428572,0.31,5,2026-07-25-01-08
2026-07-25-01-08,202604020108,2026-07-25,新潟,8,清津峡特別,ダ,1800,左,unknown,良,0,12,メトロポリターナ,https://db.netkeiba.com/horse/2021110040/,2021110040,牝,5,56.0,丸田,,,202604020108,2026-07-25,清津峡特別,左,unknown,良,23,1.0,35.0,0.0,10.0,8.0,4.565217391304348,23,6.333333333333333,4.695652173913044,0.6086956521739131,先行,1.0,corner4_last3,8,6.75,21,3.9523809523809526,0.655476,0.676377,1,history_date,0.01224,0.012165,0.0,0.0,0.011016,0.010956,0.9,1.0,0,14,0.43999999999999995,0.2,0.0,2,5,6,1,6.4,0.4571428571428572,0.31,5,2026-07-25-01-08
2026-07-25-01-08,202604020108,2026-07-25,新潟,8,清津峡特別,ダ,1800,左,unknown,良,0,13,ライヴスプーン,https://db.netkeiba.com/horse/2022104264/,2022104264,牝,4,56.0,小林脩,,,202604020108,2026-07-25,清津峡特別,左,unknown,良,17,1.0,62.0,0.02,13.0,11.0,8.411764705882353,17,6.0,7.588235294117647,0.35294117647058826,先行,1.0,corner4_last3,16,8.125,11,6.181818181818182,0.605682,0.519281,1,history_date,0.0,0.0,0.0,0.0,0.0,0.0,0.9,1.0,0,14,0.3466666666666667,0.2,0.0,2,5,6,1,6.4,0.4571428571428572,0.31,5,2026-07-25-01-08
2026-07-25-01-08,202604020108,2026-07-25,新潟,8,清津峡特別,ダ,1800,左,unknown,良,0,14,ロケットパンチ,https://db.netkeiba.com/horse/2023100514/,2023100514,セ,3,55.0,武藤,,,202604020108,2026-07-25,清津峡特別,左,unknown,良,6,1.0,42.0,0.0,1.0,3.3333333333333335,4.5,6,4.0,4.5,0.5,先行,1.0,corner4_last3,6,4.5,6,4.5,0.695,0.923519,1,history_date,0.058794,0.057099,0.0,0.0,0.052915,0.051539,0.9,1.0,0,14,0.47111111111111115,0.2,0.0,2,5,6,1,6.4,0.4571428571428572,0.31,5,2026-07-25-01-08
2026-07-25-02-06,202607020106,2026-07-25,中京,6,四日市特別,ダ,1400,左,unknown,良,0,1,アリエスキング,https://db.netkeiba.com/horse/2021101468/,2021101468,牡,5,58.0,田口,,,202607020106,2026-07-25,四日市特別,左,unknown,良,14,1.0,55.0,0.02,5.0,6.666666666666667,4.642857142857143,14,4.0,5.5,0.5714285714285714,先行,1.0,corner4_last3,2,7.5,14,4.642857142857143,0.525571,0.760291,1,history_date,0.03996,0.039172,0.0,0.0,0.03037,0.029913,0.95,1.0,0,22,0.3884057971014493,0.2,0.0,2,9,5,6,9.6,0.43636363636363634,0.30272727272727273,2,2026-07-25-02-06
2026-07-25-02-06,202607020106,2026-07-25,中京,6,四日市特別,ダ,1400,左,unknown,良,0,2,アレ,https://db.netkeiba.com/horse/2021103287/,2021103287,牡,5,58.0,ハマーハン,,,202607020106,2026-07-25,四日市特別,左,unknown,良,8,1.0,153.0,0.07,14.0,9.333333333333334,5.75,8,6.666666666666667,7.375,0.25,差し,1.0,corner4_last3,8,5.75,8,5.75,0.6575,0.510741,1,history_date,0.01512,0.015006,0.0,0.0,0.012852,0.01277,0.85,1.0,0,22,0.41159420289855075,0.8,0.2,2,9,5,6,9.6,0.43636363636363634,0.30272727272727273,2,2026-07-25-02-06
2026-07-25-02-06,202607020106,2026-07-25,中京,6,四日市特別,ダ,1400,左,unknown,良,0,3,エブリーポッシブル,https://db.netkeiba.com/horse/2023106940/,2023106940,牝,3,53.0,岩田望,,,202607020106,2026-07-25,四日市特別,左,unknown,良,5,1.0,80.0,0.02,5.0,3.3333333333333335,3.0,5,3.0,4.2,0.8,逃げ,1.0,corner4_last3,5,3.0,5,3.0,0.74,0.85463,1,history_date,0.26516,0.232917,0.0,0.0,0.251902,0.222679,0.95,1.0,0,22,0.4202898550724638,0.2,0.0,2,9,5,6,9.6,0.43636363636363634,0.30272727272727273,2,2026-07-25-02-06
2026-07-25-02-06,202607020106,2026-07-25,中京,6,四日市特別,ダ,1400,左,unknown,良,0,4,オカメノコイ,https://db.netkeiba.com/horse/2022106698/,2022106698,牝,4,56.0,大野,,,202607020106,2026-07-25,四日市特別,左,unknown,良,16,1.0,77.0,0.02,13.0,9.0,7.5625,16,15.333333333333334,9.75,0.1875,追込,1.0,corner4_last3,9,9.222222222222221,15,7.133333333333334,0.574222,0.575278,1,history_date,0.04131,0.040468,0.0,0.0,0.028917,0.028503,0.7,1.0,0,22,0.6434782608695653,0.8,0.35,2,9,5,6,9.6,0.43636363636363634,0.30272727272727273,2,2026-07-25-02-06
2026-07-25-02-06,202607020106,2026-07-25,中京,6,四日市特別,ダ,1400,左,unknown,良,0,5,ゴルデールスカー,https://db.netkeiba.com/horse/2020103625/,2020103625,牡,6,58.0,坂井,,,202607020106,2026-07-25,四日市特別,左,unknown,良,34,1.0,49.0,0.02,10.0,5.0,6.4411764705882355,34,4.333333333333333,7.0588235294117645,0.29411764705882354,先行,1.0,corner4_last3,13,6.3076923076923075,28,6.392857142857143,0.639918,0.726373,1,history_date,0.08658,0.082938,0.0,0.0,0.065801,0.063683,0.95,1.0,0,22,0.4260869565217391,0.2,0.0,2,9,5,6,9.6,0.43636363636363634,0.30272727272727273,2,2026-07-25-02-06
2026-07-25-02-06,202607020106,2026-07-25,中京,6,四日市特別,ダ,1400,左,unknown,良,0,6,ザックザク,https://db.netkeiba.com/horse/2022100476/,2022100476,牡,4,58.0,北村友,,,202607020106,2026-07-25,四日市特別,左,unknown,良,8,1.0,125.0,0.045,3.0,2.0,2.75,8,5.0,5.0,0.625,先行,1.0,corner4_last3,6,2.3333333333333335,8,2.75,0.755833,0.893333,1,history_date,0.16416,0.151394,0.0,0.0,0.155952,0.1444,0.95,1.0,0,22,0.4956521739130435,0.2,0.0,2,9,5,6,9.6,0.43636363636363634,0.30272727272727273,2,2026-07-25-02-06
2026-07-25-02-06,202607020106,2026-07-25,中京,6,四日市特別,ダ,1400,左,unknown,良,0,7,ジェミート,https://db.netkeiba.com/horse/2022100327/,2022100327,牡,4,58.0,横山和,,,202607020106,2026-07-25,四日市特別,左,unknown,良,12,1.0,56.0,0.02,9.0,6.0,5.333333333333333,12,10.0,10.583333333333334,0.0,差し,1.0,corner4_last3,12,5.333333333333333,12,5.333333333333333,0.67,0.719074,1,history_date,0.0765,0.073647,0.0,0.0,0.065025,0.062956,0.85,1.0,0,22,0.5565217391304348,0.8,0.2,2,9,5,6,9.6,0.43636363636363634,0.30272727272727273,2,2026-07-25-02-06
2026-07-25-02-06,202607020106,2026-07-25,中京,6,四日市特別,ダ,1400,左,unknown,良,0,8,ステラスプレンダー,https://db.netkeiba.com/horse/2021105604/,2021105604,牝,5,56.0,吉村,,,202607020106,2026-07-25,四日市特別,左,unknown,良,18,1.0,77.0,0.02,11.0,12.666666666666666,6.777777777777778,18,5.333333333333333,3.6666666666666665,0.7777777777777778,先行,1.0,corner4_last3,8,7.625,11,6.2727272727272725,0.614773,0.510802,1,history_date,0.0,0.0,0.0,0.0,0.0,0.0,0.95,1.0,0,22,0.3188405797101449,0.2,0.0,2,9,5,6,9.6,0.43636363636363634,0.30272727272727273,2,2026-07-25-02-06
2026-07-25-02-06,202607020106,2026-07-25,中京,6,四日市特別,ダ,1400,左,unknown,良,0,9,スーパージョック,https://db.netkeiba.com/horse/2022103733/,2022103733,牡,4,58.0,三浦,,,202607020106,2026-07-25,四日市特別,左,unknown,良,14,1.0,91.0,0.045,8.0,11.333333333333334,5.071428571428571,14,6.666666666666667,3.7142857142857144,0.7857142857142857,差し,1.0,corner4_last3,1,8.0,14,5.071428571428571,0.475286,0.569868,1,history_date,0.0,0.0,0.0,0.0,0.0,0.0,0.85,1.0,0,22,0.37681159420289856,0.8,0.2,2,9,5,6,9.6,0.43636363636363634,0.30272727272727273,2,2026-07-25-02-06
2026-07-25-02-06,202607020106,2026-07-25,中京,6,四日市特別,ダ,1400,左,unknown,良,0,10,ゼロヴィジビリティ,https://db.netkeiba.com/horse/2023101157/,2023101157,牡,3,55.0,ルメール,,,202607020106,2026-07-25,四日市特別,左,unknown,良,3,1.0,83.0,0.02,1.0,1.6666666666666667,1.6666666666666667,3,1.0,1.0,1.0,逃げ,1.0,corner4_last3,3,1.6666666666666667,2,1.0,0.666667,0.95963,1,history_date,0.13871,0.12952,0.0,0.0,0.131774,0.123461,0.95,1.0,0,22,0.39710144927536234,0.2,0.0,2,9,5,6,9.6,0.43636363636363634,0.30272727272727273,2,2026-07-25-02-06
2026-07-25-02-06,202607020106,2026-07-25,中京,6,四日市特別,ダ,1400,左,unknown,良,0,11,チュウワチーフ,https://db.netkeiba.com/horse/2022110117/,2022110117,牡,4,58.0,松山,,,202607020106,2026-07-25,四日市特別,左,unknown,良,16,1.0,118.0,0.045,4.0,4.333333333333333,4.125,16,6.666666666666667,3.6875,0.75,差し,1.0,corner4_last3,10,4.9,16,4.125,0.69075,0.812407,1,history_date,0.092745,0.088574,0.0,0.0,0.078833,0.075806,0.85,1.0,0,22,0.4985507246376812,0.8,0.2,2,9,5,6,9.6,0.43636363636363634,0.30272727272727273,2,2026-07-25-02-06
2026-07-25-02-06,202607020106,2026-07-25,中京,6,四日市特別,ダ,1400,左,unknown,良,0,12,ハリウッドブルース,https://db.netkeiba.com/horse/2021104514/,2021104514,牡,5,58.0,浜田,,,202607020106,2026-07-25,四日市特別,左,unknown,良,24,1.0,48.0,0.0,9.0,5.666666666666667,5.458333333333333,24,11.666666666666666,10.875,0.041666666666666664,追込,1.0,corner4_last3,24,5.458333333333333,24,5.458333333333333,0.66625,0.747222,1,history_date,0.05238,0.051032,0.0,0.0,0.036666,0.036002,0.7,1.0,0,22,0.6057971014492753,0.8,0.35,2,9,5,6,9.6,0.43636363636363634,0.30272727272727273,2,2026-07-25-02-06
2026-07-25-02-06,202607020106,2026-07-25,中京,6,四日市特別,ダ,1400,左,unknown,良,0,13,フィーチャリング,https://db.netkeiba.com/horse/2022105824/,2022105824,セ,4,58.0,原,,,202607020106,2026-07-25,四日市特別,左,unknown,良,13,1.0,48.0,0.0,10.0,8.333333333333334,6.538461538461538,13,12.333333333333334,11.307692307692308,0.07692307692307693,追込,1.0,corner4_last3,9,4.888888888888889,13,6.538461538461538,0.666838,0.658903,1,history_date,0.0,0.0,0.0,0.0,0.0,0.0,0.7,1.0,0,22,0.5768115942028986,0.8,0.35,2,9,5,6,9.6,0.43636363636363634,0.30272727272727273,2,2026-07-25-02-06
2026-07-25-02-06,202607020106,2026-07-25,中京,6,四日市特別,ダ,1400,左,unknown,良,0,14,フクチャントウメイ,https://db.netkeiba.com/horse/2021105086/,2021105086,セ,5,58.0,吉田豊,,,202607020106,2026-07-25,四日市特別,左,unknown,良,15,1.0,48.0,0.0,9.0,11.666666666666666,6.733333333333333,15,12.333333333333334,6.733333333333333,0.3333333333333333,追込,1.0,corner4_last3,13,7.153846153846154,15,6.733333333333333,0.61959,0.584889,1,history_date,0.0,0.0,0.0,0.0,0.0,0.0,0.7,1.0,0,22,0.518840579710145,0.8,0.35,2,9,5,6,9.6,0.43636363636363634,0.30272727272727273,2,2026-07-25-02-06
2026-07-25-02-06,202607020106,2026-07-25,中京,6,四日市特別,ダ,1400,左,unknown,良,0,15,ヘリテージブルーム,https://db.netkeiba.com/horse/2023103365/,2023103365,牡,3,55.0,戸崎圭,,,202607020106,2026-07-25,四日市特別,左,unknown,良,8,1.0,62.0,0.02,1.0,3.6666666666666665,2.875,8,4.333333333333333,4.875,0.5,先行,1.0,corner4_last3,8,2.875,7,2.857142857142857,0.743929,0.902037,1,history_date,0.13743,0.128405,0.0,0.0,0.130558,0.122395,0.95,1.0,0,22,0.4492753623188406,0.2,0.0,2,9,5,6,9.6,0.43636363636363634,0.30272727272727273,2,2026-07-25-02-06
2026-07-25-02-06,202607020106,2026-07-25,中京,6,四日市特別,ダ,1400,左,unknown,良,0,16,ホウオウゴールド,https://db.netkeiba.com/horse/2022106011/,2022106011,牡,4,58.0,小沢,,,202607020106,2026-07-25,四日市特別,左,unknown,良,14,1.0,48.0,0.0,7.0,6.333333333333333,5.5,14,11.333333333333334,8.0,0.2857142857142857,追込,1.0,corner4_last3,12,5.166666666666667,14,5.5,0.671667,0.757407,1,history_date,0.01512,0.015006,0.0,0.0,0.010584,0.010528,0.7,1.0,0,22,0.5855072463768116,0.8,0.35,2,9,5,6,9.6,0.43636363636363634,0.30272727272727273,2,2026-07-25-02-06
2026-07-25-02-06,202607020106,2026-07-25,中京,6,四日市特別,ダ,1400,左,unknown,良,0,17,ポートデラメール,https://db.netkeiba.com/horse/2022105963/,2022105963,牝,4,56.0,ルメール,,,202607020106,2026-07-25,四日市特別,左,unknown,良,7,1.0,112.0,0.045,2.0,3.6666666666666665,4.0,7,4.0,4.714285714285714,0.42857142857142855,先行,1.0,corner4_last3,7,4.0,4,3.0,0.704,0.858148,1,history_date,0.14229,0.13263,0.0,0.0,0.135176,0.126437,0.95,1.0,0,22,0.4405797101449275,0.2,0.0,2,9,5,6,9.6,0.43636363636363634,0.30272727272727273,2,2026-07-25-02-06
2026-07-25-02-06,202607020106,2026-07-25,中京,6,四日市特別,ダ,1400,左,unknown,良,0,18,モズケイスター,https://db.netkeiba.com/horse/2022102127/,2022102127,牡,4,58.0,坂井,,,202607020106,2026-07-25,四日市特別,左,unknown,良,15,1.0,105.0,0.045,1.0,1.6666666666666667,3.3333333333333335,15,5.666666666666667,8.2,0.2,先行,1.0,corner4_last3,15,3.3333333333333335,15,3.3333333333333335,0.73,0.927222,1,history_date,0.200205,0.181437,0.0,0.0,0.190195,0.173202,0.95,1.0,0,22,0.518840579710145,0.2,0.0,2,9,5,6,9.6,0.43636363636363634,0.30272727272727273,2,2026-07-25-02-06
2026-07-25-02-06,202607020106,2026-07-25,中京,6,四日市特別,ダ,1400,左,unknown,良,0,19,モズタチアガレ,https://db.netkeiba.com/horse/2022106010/,2022106010,牡,4,58.0,北村友,,,202607020106,2026-07-25,四日市特別,左,unknown,良,16,1.0,112.0,0.045,8.0,4.0,3.875,16,4.333333333333333,4.9375,0.5625,先行,1.0,corner4_last3,15,3.6666666666666665,16,3.875,0.717917,0.766667,1,history_date,0.10431,0.099054,0.0,0.0,0.099095,0.094343,0.95,1.0,0,22,0.4434782608695652,0.2,0.0,2,9,5,6,9.6,0.43636363636363634,0.30272727272727273,2,2026-07-25-02-06
2026-07-25-02-06,202607020106,2026-07-25,中京,6,四日市特別,ダ,1400,左,unknown,良,0,20,ヤマニンバロネス,https://db.netkeiba.com/horse/2022106609/,2022106609,牝,4,56.0,高杉,,,202607020106,2026-07-25,四日市特別,左,unknown,良,8,1.0,132.0,0.045,8.0,8.333333333333334,5.375,8,8.666666666666666,7.0,0.25,差し,1.0,corner4_last3,7,5.428571428571429,8,5.375,0.667679,0.646852,1,history_date,0.03402,0.033448,0.0,0.0,0.028917,0.028503,0.85,1.0,0,22,0.48115942028985503,0.8,0.2,2,9,5,6,9.6,0.43636363636363634,0.30272727272727273,2,2026-07-25-02-06
2026-07-25-02-06,202607020106,2026-07-25,中京,6,四日市特別,ダ,1400,左,unknown,良,0,21,ライトオブヌカタ,https://db.netkeiba.com/horse/2023103087/,2023103087,牡,3,55.0,石川,,,202607020106,2026-07-25,四日市特別,左,unknown,良,6,1.0,34.0,0.0,8.0,6.333333333333333,4.833333333333333,6,6.0,4.666666666666667,0.5,先行,1.0,corner4_last3,5,5.0,6,4.833333333333333,0.681667,0.746481,1,history_date,0.063,0.061057,0.0,0.0,0.05985,0.058094,0.95,1.0,0,22,0.4463768115942029,0.2,0.0,2,9,5,6,9.6,0.43636363636363634,0.30272727272727273,2,2026-07-25-02-06
2026-07-25-02-06,202607020106,2026-07-25,中京,6,四日市特別,ダ,1400,左,unknown,良,0,22,ラヴオントップ,https://db.netkeiba.com/horse/2021104399/,2021104399,牝,5,56.0,吉村,,,202607020106,2026-07-25,四日市特別,左,unknown,良,19,1.0,48.0,0.0,3.0,6.0,5.578947368421052,19,10.333333333333334,6.684210526315789,0.47368421052631576,追込,1.0,corner4_last3,13,4.769230769230769,16,6.125,0.673365,0.821316,1,history_date,0.06372,0.061732,0.0,0.0,0.044604,0.043624,0.7,1.0,0,22,0.5652173913043479,0.8,0.35,2,9,5,6,9.6,0.43636363636363634,0.30272727272727273,2,2026-07-25-02-06
2026-07-25-02-07,202607020107,2026-07-25,中京,7,関ケ原S,芝,2200,左,unknown,良,0,1,ウインデイジー,https://db.netkeiba.com/horse/2021106194/,2021106194,牝,5,56.0,松若,,,202607020107,2026-07-25,関ケ原S,左,unknown,良,22,1.0,35.0,0.0,3.0,5.0,4.863636363636363,22,5.666666666666667,6.7727272727272725,0.3181818181818182,先行,1.0,corner4_last3,16,5.3125,22,4.863636363636363,0.675114,0.850606,1,history_date,0.1737,0.159451,0.0945,0.090172,0.14706,0.136758,0.95,1.0,0,11,0.5166666666666666,0.0,0.0,1,2,4,4,2.8,0.2545454545454545,0.23909090909090908,4,2026-07-25-02-07
2026-07-25-02-07,202607020107,2026-07-25,中京,7,関ケ原S,芝,2200,左,unknown,良,0,2,エイカイマッケンロ,https://db.netkeiba.com/horse/2019104800/,2019104800,セ,7,58.0,ディー,,,202607020107,2026-07-25,関ケ原S,左,unknown,良,32,1.0,70.0,0.02,15.0,10.0,6.28125,32,6.666666666666667,5.28125,0.375,差し,1.0,corner4_last3,27,6.185185185185185,31,6.290322580645161,0.643393,0.527083,1,history_date,0.0,0.0,0.0,0.0,0.0,0.0,0.95,1.0,0,11,0.39999999999999997,0.6,0.2,1,2,4,4,2.8,0.2545454545454545,0.23909090909090908,4,2026-07-25-02-07
2026-07-25-02-07,202607020107,2026-07-25,中京,7,関ケ原S,芝,2200,左,unknown,良,0,3,サダムオプシス,https://db.netkeiba.com/horse/2021105474/,2021105474,牡,5,58.0,幸,,,202607020107,2026-07-25,関ケ原S,左,unknown,良,18,1.0,35.0,0.0,4.0,5.666666666666667,6.0,18,12.333333333333334,8.222222222222221,0.2777777777777778,追込,1.0,corner4_last3,13,6.153846153846154,18,6.0,0.646923,0.814259,1,history_date,0.06512,0.063045,0.02992,0.029477,0.058608,0.056924,0.9,1.0,0,11,0.8277777777777777,0.6,0.35,1,2,4,4,2.8,0.2545454545454545,0.23909090909090908,4,2026-07-25-02-07
2026-07-25-02-07,202607020107,2026-07-25,中京,7,関ケ原S,芝,2200,左,unknown,良,0,4,サトノクローク,https://db.netkeiba.com/horse/2020106667/,2020106667,牡,6,58.0,田口,,,202607020107,2026-07-25,関ケ原S,左,unknown,良,28,1.0,35.0,0.0,10.0,8.333333333333334,5.321428571428571,28,5.0,4.107142857142857,0.7142857142857143,先行,1.0,corner4_last3,22,5.681818181818182,28,5.321428571428571,0.663149,0.664312,1,history_date,0.11594,0.109471,0.11594,0.109471,0.110143,0.104294,0.95,1.0,0,11,0.3722222222222222,0.0,0.0,1,2,4,4,2.8,0.2545454545454545,0.23909090909090908,4,2026-07-25-02-07
2026-07-25-02-07,202607020107,2026-07-25,中京,7,関ケ原S,芝,2200,左,unknown,良,0,5,タイセイフェリーク,https://db.netkeiba.com/horse/2020103713/,2020103713,牝,6,56.0,藤懸,,,202607020107,2026-07-25,関ケ原S,左,unknown,良,28,1.0,35.0,0.0,5.0,6.666666666666667,4.964285714285714,28,13.333333333333334,8.464285714285714,0.17857142857142858,追込,1.0,corner4_last3,14,5.785714285714286,28,4.964285714285714,0.664643,0.778862,1,history_date,0.0352,0.034588,0.0,0.0,0.03168,0.031183,0.9,1.0,0,11,0.8444444444444444,0.6,0.35,1,2,4,4,2.8,0.2545454545454545,0.23909090909090908,4,2026-07-25-02-07
2026-07-25-02-07,202607020107,2026-07-25,中京,7,関ケ原S,芝,2200,左,unknown,良,0,6,ナムラフッカー,https://db.netkeiba.com/horse/2021102510/,2021102510,牡,5,58.0,高倉,,,202607020107,2026-07-25,関ケ原S,左,unknown,良,24,1.0,35.0,0.0,18.0,10.0,6.291666666666667,24,9.666666666666666,8.333333333333334,0.16666666666666666,差し,1.0,corner4_last3,13,7.0,24,6.291666666666667,0.627083,0.50537,1,history_date,0.02992,0.029477,0.02992,0.029477,0.028424,0.028024,0.95,1.0,0,11,0.5499999999999999,0.6,0.2,1,2,4,4,2.8,0.2545454545454545,0.23909090909090908,4,2026-07-25-02-07
2026-07-25-02-07,202607020107,2026-07-25,中京,7,関ケ原S,芝,2200,左,unknown,良,0,7,ハーツコンチェルト,https://db.netkeiba.com/horse/2020105681/,2020105681,牡,6,58.0,横山武,,,202607020107,2026-07-25,関ケ原S,左,unknown,良,16,1.0,55.0,0.02,10.0,6.5,4.666666666666667,14,13.5,8.214285714285714,0.1875,追込,1.0,corner4_last3,13,4.25,16,4.666666666666667,0.698333,0.695093,1,history_date,0.06732,0.065104,0.06732,0.065104,0.060588,0.058789,0.9,1.0,0,11,0.8583333333333333,0.6,0.35,1,2,4,4,2.8,0.2545454545454545,0.23909090909090908,4,2026-07-25-02-07
2026-07-25-02-07,202607020107,2026-07-25,中京,7,関ケ原S,芝,2200,左,unknown,良,0,8,ミッキーゴールド,https://db.netkeiba.com/horse/2022104765/,2022104765,セ,4,58.0,菅原明,,,202607020107,2026-07-25,関ケ原S,左,unknown,良,10,1.0,83.0,0.02,10.0,7.666666666666667,3.8,10,9.666666666666666,5.1,0.7,差し,1.0,corner4_last3,9,4.0,10,3.8,0.712,0.668481,1,history_date,0.05544,0.053931,0.0,0.0,0.052668,0.051305,0.95,1.0,0,11,0.6277777777777778,0.6,0.2,1,2,4,4,2.8,0.2545454545454545,0.23909090909090908,4,2026-07-25-02-07
2026-07-25-02-07,202607020107,2026-07-25,中京,7,関ケ原S,芝,2200,左,unknown,良,0,9,ミュージシャン,https://db.netkeiba.com/horse/2022103207/,2022103207,牡,4,58.0,坂井,,,202607020107,2026-07-25,関ケ原S,左,unknown,良,10,1.0,49.0,0.02,2.0,3.6666666666666665,3.0,10,3.3333333333333335,3.2,0.8,逃げ,1.0,corner4_last3,9,3.2222222222222223,10,3.0,0.735556,0.887593,1,history_date,0.25234,0.223019,0.0,0.0,0.214489,0.193046,0.85,1.0,0,11,0.4444444444444444,0.0,0.0,1,2,4,4,2.8,0.2545454545454545,0.23909090909090908,4,2026-07-25-02-07
2026-07-25-02-07,202607020107,2026-07-25,中京,7,関ケ原S,芝,2200,左,unknown,良,0,10,メイショウソウタ,https://db.netkeiba.com/horse/2021103263/,2021103263,牡,5,58.0,菱田,,,202607020107,2026-07-25,関ケ原S,左,unknown,良,21,1.0,35.0,0.0,15.0,10.333333333333334,5.714285714285714,21,7.0,4.666666666666667,0.5238095238095238,差し,1.0,corner4_last3,2,11.0,2,11.0,0.344,0.540899,1,history_date,0.0,0.0,0.0,0.0,0.0,0.0,0.95,1.0,0,11,0.40555555555555556,0.6,0.2,1,2,4,4,2.8,0.2545454545454545,0.23909090909090908,4,2026-07-25-02-07
2026-07-25-02-07,202607020107,2026-07-25,中京,7,関ケ原S,芝,2200,左,unknown,良,0,11,リンフレスカンテ,https://db.netkeiba.com/horse/2018104797/,2018104797,牡,8,58.0,田辺,,,202607020107,2026-07-25,関ケ原S,左,unknown,良,40,1.0,70.0,0.02,10.0,10.0,4.2,40,13.0,7.2,0.175,追込,1.0,corner4_last3,30,3.966666666666667,40,4.2,0.708667,0.605778,1,history_date,0.0,0.0,0.0,0.0,0.0,0.0,0.9,1.0,0,11,0.7166666666666666,0.6,0.35,1,2,4,4,2.8,0.2545454545454545,0.23909090909090908,4,2026-07-25-02-07
2026-07-25-02-08,202607020108,2026-07-25,中京,8,香嵐渓特別,芝,2000,左,unknown,良,0,1,アトレッタ,https://db.netkeiba.com/horse/2023104008/,2023104008,牡,3,55.0,池添,,,202607020108,2026-07-25,香嵐渓特別,左,unknown,良,2,0.866667,76.0,0.02,1.0,4.0,4.0,2,5.5,5.5,0.5,先行,1.0,corner4_last3,2,4.0,2,4.0,0.480134,0.769889,1,history_date,0.041,0.034815,0.0,0.0,0.0369,0.031397,0.9,0.866667,0,13,0.5214285714285715,0.0,0.0,4,5,4,0,8.8,0.676923076923077,0.3869230769230769,6,2026-07-25-02-08
2026-07-25-02-08,202607020108,2026-07-25,中京,8,香嵐渓特別,芝,2000,左,unknown,良,0,2,アンビアンス,https://db.netkeiba.com/horse/2022106634/,2022106634,牝,4,56.0,吉村,,,202607020108,2026-07-25,香嵐渓特別,左,unknown,良,17,1.0,41.0,0.0,6.0,8.0,8.235294117647058,17,8.333333333333334,10.411764705882353,0.0,差し,1.0,corner4_last3,16,7.875,17,8.235294117647058,0.590147,0.715621,1,history_date,0.0,0.0,0.0,0.0,0.0,0.0,0.9,1.0,0,13,0.5285714285714286,0.6,0.2,4,5,4,0,8.8,0.676923076923077,0.3869230769230769,6,2026-07-25-02-08
2026-07-25-02-08,202607020108,2026-07-25,中京,8,香嵐渓特別,芝,2000,左,unknown,良,0,3,キシダンチョウ,https://db.netkeiba.com/horse/2023106960/,2023106960,牡,3,55.0,高杉,,,202607020108,2026-07-25,香嵐渓特別,左,unknown,良,3,1.0,91.0,0.045,3.0,2.6666666666666665,2.6666666666666665,3,6.333333333333333,6.333333333333333,0.3333333333333333,先行,1.0,corner4_last3,1,3.0,3,2.6666666666666665,0.567333,0.876296,1,history_date,0.08314,0.079778,0.01224,0.012165,0.065693,0.063582,0.9,1.0,0,13,0.5952380952380952,0.0,0.0,4,5,4,0,8.8,0.676923076923077,0.3869230769230769,6,2026-07-25-02-08
2026-07-25-02-08,202607020108,2026-07-25,中京,8,香嵐渓特別,芝,2000,左,unknown,良,0,4,コスモグローリー,https://db.netkeiba.com/horse/2022105470/,2022105470,牡,4,58.0,北出,,,202607020108,2026-07-25,香嵐渓特別,左,unknown,良,12,1.0,210.0,0.1,7.0,4.0,4.25,12,4.0,4.25,0.6666666666666666,先行,1.0,corner4_last3,5,6.8,12,4.25,0.6515,0.723889,1,history_date,0.07011,0.067709,0.0,0.0,0.050479,0.049226,0.9,1.0,0,13,0.4571428571428572,0.0,0.0,4,5,4,0,8.8,0.676923076923077,0.3869230769230769,6,2026-07-25-02-08
2026-07-25-02-08,202607020108,2026-07-25,中京,8,香嵐渓特別,芝,2000,左,unknown,良,0,5,サイモンシャリオ,https://db.netkeiba.com/horse/2023101569/,2023101569,牡,3,55.0,田口,,,202607020108,2026-07-25,香嵐渓特別,左,unknown,良,10,1.0,27.0,0.0,6.0,5.0,4.4,10,6.666666666666667,7.9,0.2,差し,1.0,corner4_last3,8,4.25,10,4.4,0.701,0.811,1,history_date,0.02268,0.022425,0.0,0.0,0.020412,0.020205,0.9,1.0,0,13,0.5428571428571428,0.6,0.2,4,5,4,0,8.8,0.676923076923077,0.3869230769230769,6,2026-07-25-02-08
2026-07-25-02-08,202607020108,2026-07-25,中京,8,香嵐渓特別,芝,2000,左,unknown,良,0,6,サラコスティ,https://db.netkeiba.com/horse/2022104793/,2022104793,牡,4,58.0,レーン,,,202607020108,2026-07-25,香嵐渓特別,左,unknown,良,12,1.0,62.0,0.02,3.0,4.333333333333333,5.5,12,7.666666666666667,5.416666666666667,0.5,差し,1.0,corner4_last3,9,5.222222222222222,11,5.2727272727272725,0.672828,0.845185,1,history_date,0.07983,0.076727,0.0324,0.031881,0.066015,0.063883,0.9,1.0,0,13,0.6047619047619048,0.6,0.2,4,5,4,0,8.8,0.676923076923077,0.3869230769230769,6,2026-07-25-02-08
2026-07-25-02-08,202607020108,2026-07-25,中京,8,香嵐渓特別,芝,2000,左,unknown,良,0,7,サンダーバード,https://db.netkeiba.com/horse/2023105292/,2023105292,牝,3,53.0,今村,,,202607020108,2026-07-25,香嵐渓特別,左,unknown,良,6,1.0,27.0,0.0,1.0,4.666666666666667,5.833333333333333,6,3.0,4.5,0.5,逃げ,1.0,corner4_last3,3,4.666666666666667,6,5.833333333333333,0.606333,0.882778,1,history_date,0.051332,0.050037,0.0,0.0,0.046199,0.045148,0.9,1.0,0,13,0.3952380952380952,0.0,0.0,4,5,4,0,8.8,0.676923076923077,0.3869230769230769,6,2026-07-25-02-08
2026-07-25-02-08,202607020108,2026-07-25,中京,8,香嵐渓特別,芝,2000,左,unknown,良,0,8,スノースケープ,https://db.netkeiba.com/horse/2023107516/,2023107516,牝,3,53.0,川田,,,202607020108,2026-07-25,香嵐渓特別,左,unknown,良,2,0.866667,62.0,0.02,1.0,2.0,2.0,2,2.0,2.0,1.0,逃げ,1.0,corner4_last3,2,2.0,2,2.0,0.532134,0.822852,1,history_date,0.053546,0.045186,0.0,0.0,0.048191,0.040775,0.9,0.866667,0,13,0.4285714285714286,0.0,0.0,4,5,4,0,8.8,0.676923076923077,0.3869230769230769,6,2026-07-25-02-08
2026-07-25-02-08,202607020108,2026-07-25,中京,8,香嵐渓特別,芝,2000,左,unknown,良,0,9,パイオニアスクエア,https://db.netkeiba.com/horse/2022105367/,2022105367,牡,4,58.0,富田,,,202607020108,2026-07-25,香嵐渓特別,左,unknown,良,16,1.0,28.0,0.0,5.0,6.0,4.0,16,1.6666666666666667,3.125,0.875,逃げ,1.0,corner4_last3,14,3.4285714285714284,16,4.0,0.721429,0.800556,1,history_date,0.02664,0.026288,0.0,0.0,0.023976,0.023691,0.9,1.0,0,13,0.3,0.0,0.0,4,5,4,0,8.8,0.676923076923077,0.3869230769230769,6,2026-07-25-02-08
2026-07-25-02-08,202607020108,2026-07-25,中京,8,香嵐渓特別,芝,2000,左,unknown,良,0,10,ブラックシャリマー,https://db.netkeiba.com/horse/2023103246/,2023103246,牡,3,55.0,西村淳,,,202607020108,2026-07-25,香嵐渓特別,左,unknown,良,4,1.0,49.0,0.02,2.0,1.6666666666666667,2.0,4,3.0,3.25,1.0,逃げ,1.0,corner4_last3,4,2.0,4,2.0,0.718,0.944259,1,history_date,0.13193,0.123598,0.0,0.0,0.118737,0.111959,0.9,1.0,0,13,0.48095238095238096,0.0,0.0,4,5,4,0,8.8,0.676923076923077,0.3869230769230769,6,2026-07-25-02-08
2026-07-25-02-08,202607020108,2026-07-25,中京,8,香嵐渓特別,芝,2000,左,unknown,良,0,11,メイショウキンタイ,https://db.netkeiba.com/horse/2022100068/,2022100068,牡,4,58.0,和田陽,,,202607020108,2026-07-25,香嵐渓特別,左,unknown,良,14,1.0,216.0,0.1,11.0,7.333333333333333,4.076923076923077,14,9.333333333333334,6.357142857142857,0.5714285714285714,差し,1.0,corner4_last3,13,4.0,14,4.076923076923077,0.709231,0.582066,1,history_date,0.01224,0.012165,0.01224,0.012165,0.008813,0.008774,0.9,1.0,0,13,0.5904761904761905,0.6,0.2,4,5,4,0,8.8,0.676923076923077,0.3869230769230769,6,2026-07-25-02-08
2026-07-25-02-08,202607020108,2026-07-25,中京,8,香嵐渓特別,芝,2000,左,unknown,良,0,12,メイショウナルカミ,https://db.netkeiba.com/horse/2023106560/,2023106560,牡,3,55.0,川田,,,202607020108,2026-07-25,香嵐渓特別,左,unknown,良,7,1.0,118.0,0.045,7.0,3.3333333333333335,2.857142857142857,7,4.0,3.2857142857142856,0.8571428571428571,先行,1.0,corner4_last3,7,2.857142857142857,7,2.857142857142857,0.744286,0.802487,1,history_date,0.052644,0.051282,0.0,0.0,0.04738,0.046275,0.9,1.0,0,13,0.47619047619047616,0.0,0.0,4,5,4,0,8.8,0.676923076923077,0.3869230769230769,6,2026-07-25-02-08
2026-07-25-02-08,202607020108,2026-07-25,中京,8,香嵐渓特別,芝,2000,左,unknown,良,0,13,ロードフィレール,https://db.netkeiba.com/horse/2023105818/,2023105818,牡,3,55.0,武豊,,,202607020108,2026-07-25,香嵐渓特別,左,unknown,良,4,1.0,97.0,0.045,17.0,6.666666666666667,5.5,4,5.333333333333333,5.0,0.75,先行,1.0,corner4_last3,4,5.5,4,5.5,0.613,0.564815,1,history_date,0.22369,0.200437,0.0,0.0,0.201321,0.18235,0.9,1.0,0,13,0.43809523809523804,0.0,0.0,4,5,4,0,8.8,0.676923076923077,0.3869230769230769,6,2026-07-25-02-08
2026-07-25-03-10,202601010110,2026-07-25,札幌,10,ライラック賞,芝,2600,右,unknown,良,0,1,アスクデッドヒート,https://db.netkeiba.com/horse/2022105839/,2022105839,牡,4,58.0,古川奈,,,202601010110,2026-07-25,ライラック賞,右,unknown,良,20,1.0,20.0,0.0,2.0,4.0,4.25,20,6.666666666666667,6.05,0.35,差し,1.0,corner4_last3,12,2.75,17,3.8823529411764706,0.736176,0.893333,1,history_date,0.11718,0.110575,0.11718,0.110575,0.111321,0.105348,0.95,1.0,0,11,0.6000000000000001,0.6,0.2,2,5,4,0,6.4,0.5818181818181819,0.35363636363636364,7,2026-07-25-03-10
2026-07-25-03-10,202601010110,2026-07-25,札幌,10,ライラック賞,芝,2600,右,unknown,良,0,2,ヴァイザーバルコ,https://db.netkeiba.com/horse/2020106694/,2020106694,セ,6,58.0,大野,,,202601010110,2026-07-25,ライラック賞,右,unknown,良,31,1.0,14.0,0.0,13.0,8.333333333333334,5.533333333333333,30,6.333333333333333,6.5,0.41935483870967744,先行,1.0,corner4_last3,15,6.2,18,6.444444444444445,0.641556,0.621704,1,history_date,0.0,0.0,0.0,0.0,0.0,0.0,0.95,1.0,0,11,0.43888888888888883,0.0,0.0,2,5,4,0,6.4,0.5818181818181819,0.35363636363636364,7,2026-07-25-03-10
2026-07-25-03-10,202601010110,2026-07-25,札幌,10,ライラック賞,芝,2600,右,unknown,良,0,3,ウェイクフィールド,https://db.netkeiba.com/horse/2023103500/,2023103500,牡,3,55.0,横山和,,,202601010110,2026-07-25,ライラック賞,右,unknown,良,5,1.0,42.0,0.0,1.0,2.6666666666666665,4.8,5,1.6666666666666667,4.4,0.6,逃げ,1.0,corner4_last3,0,,5,4.8,0.222,0.939593,1,history_date,0.12485,0.117371,0.0,0.0,0.063673,0.061689,0.85,1.0,0,11,0.39444444444444443,0.0,0.0,2,5,4,0,6.4,0.5818181818181819,0.35363636363636364,7,2026-07-25-03-10
2026-07-25-03-10,202601010110,2026-07-25,札幌,10,ライラック賞,芝,2600,右,unknown,良,0,4,ジュンツバメガエシ,https://db.netkeiba.com/horse/2020103208/,2020103208,牡,6,58.0,岩田康,,,202601010110,2026-07-25,ライラック賞,右,unknown,良,19,1.0,20.0,0.0,5.0,3.3333333333333335,3.9473684210526314,19,4.0,4.052631578947368,0.5789473684210527,先行,1.0,corner4_last3,6,3.3333333333333335,19,3.9473684210526314,0.72386,0.870419,1,history_date,0.1215,0.114409,0.1215,0.114409,0.115425,0.109013,0.95,1.0,0,11,0.48888888888888893,0.0,0.0,2,5,4,0,6.4,0.5818181818181819,0.35363636363636364,7,2026-07-25-03-10
2026-07-25-03-10,202601010110,2026-07-25,札幌,10,ライラック賞,芝,2600,右,unknown,良,0,5,ドッビアーコ,https://db.netkeiba.com/horse/2021110130/,2021110130,セ,5,58.0,古川吉,,,202601010110,2026-07-25,ライラック賞,右,unknown,良,17,1.0,28.0,0.0,9.0,10.666666666666666,5.882352941176471,17,8.0,5.470588235294118,0.47058823529411764,差し,1.0,corner4_last3,0,,1,9.0,0.086613,0.614782,1,history_date,0.0,0.0,0.0,0.0,0.0,0.0,0.95,1.0,0,11,0.4444444444444444,0.6,0.2,2,5,4,0,6.4,0.5818181818181819,0.35363636363636364,7,2026-07-25-03-10
2026-07-25-03-10,202601010110,2026-07-25,札幌,10,ライラック賞,芝,2600,右,unknown,良,0,6,バースライト,https://db.netkeiba.com/horse/2022104692/,2022104692,牡,4,58.0,浜中,,,202601010110,2026-07-25,ライラック賞,右,unknown,良,8,1.0,20.0,0.0,3.0,3.0,4.875,8,6.333333333333333,4.75,0.75,先行,1.0,corner4_last3,3,4.666666666666667,6,4.0,0.624667,0.902778,1,history_date,0.13518,0.126441,0.1251,0.117591,0.124591,0.117142,0.95,1.0,0,11,0.6166666666666667,0.0,0.0,2,5,4,0,6.4,0.5818181818181819,0.35363636363636364,7,2026-07-25-03-10
2026-07-25-03-10,202601010110,2026-07-25,札幌,10,ライラック賞,芝,2600,右,unknown,良,0,7,ボンドロア,https://db.netkeiba.com/horse/2022105485/,2022105485,牡,4,58.0,角田和,,,202601010110,2026-07-25,ライラック賞,右,unknown,良,13,1.0,27.0,0.0,8.0,7.333333333333333,5.615384615384615,13,1.6666666666666667,2.769230769230769,0.8461538461538461,逃げ,1.0,corner4_last3,9,5.888888888888889,13,5.615384615384615,0.656068,0.716895,1,history_date,0.01512,0.015006,0.01512,0.015006,0.012852,0.01277,0.85,1.0,0,11,0.23888888888888893,0.0,0.0,2,5,4,0,6.4,0.5818181818181819,0.35363636363636364,7,2026-07-25-03-10
2026-07-25-03-10,202601010110,2026-07-25,札幌,10,ライラック賞,芝,2600,右,unknown,良,0,8,ライフセービング,https://db.netkeiba.com/horse/2021105285/,2021105285,牡,5,58.0,古川吉,,,202601010110,2026-07-25,ライラック賞,右,unknown,良,32,1.0,20.0,0.0,7.0,6.333333333333333,4.75,32,7.666666666666667,6.75,0.25,差し,1.0,corner4_last3,9,5.444444444444445,32,4.75,0.673611,0.760741,1,history_date,0.01836,0.018192,0.01836,0.018192,0.017442,0.017291,0.95,1.0,0,11,0.5722222222222222,0.6,0.2,2,5,4,0,6.4,0.5818181818181819,0.35363636363636364,7,2026-07-25-03-10
2026-07-25-03-10,202601010110,2026-07-25,札幌,10,ライラック賞,芝,2600,右,unknown,良,0,9,リギーロ,https://db.netkeiba.com/horse/2022106624/,2022106624,牡,4,58.0,丹内,,,202601010110,2026-07-25,ライラック賞,右,unknown,良,13,1.0,20.0,0.0,9.0,8.666666666666666,5.615384615384615,13,5.666666666666667,4.538461538461538,0.6153846153846154,先行,1.0,corner4_last3,6,6.5,13,5.615384615384615,0.643846,0.668191,1,history_date,0.0,0.0,0.0,0.0,0.0,0.0,0.95,1.0,0,11,0.39444444444444443,0.0,0.0,2,5,4,0,6.4,0.5818181818181819,0.35363636363636364,7,2026-07-25-03-10
2026-07-25-03-10,202601010110,2026-07-25,札幌,10,ライラック賞,芝,2600,右,unknown,良,0,10,レイデラルース,https://db.netkeiba.com/horse/2021105475/,2021105475,牡,5,58.0,北村宏,,,202601010110,2026-07-25,ライラック賞,右,unknown,良,14,1.0,84.0,0.045,7.0,6.666666666666667,5.714285714285714,14,3.6666666666666665,4.0,0.7142857142857143,先行,1.0,corner4_last3,6,4.333333333333333,14,5.714285714285714,0.68619,0.702751,1,history_date,0.01836,0.018192,0.01836,0.018192,0.017442,0.017291,0.95,1.0,0,11,0.3611111111111111,0.0,0.0,2,5,4,0,6.4,0.5818181818181819,0.35363636363636364,7,2026-07-25-03-10
2026-07-25-03-10,202601010110,2026-07-25,札幌,10,ライラック賞,芝,2600,右,unknown,良,0,11,レイヤードレッド,https://db.netkeiba.com/horse/2022103310/,2022103310,牡,4,58.0,長浜,,,202601010110,2026-07-25,ライラック賞,右,unknown,良,20,1.0,13.0,0.0,8.0,7.333333333333333,5.25,20,8.0,4.75,0.6,差し,1.0,corner4_last3,0,,20,5.25,0.2175,0.718519,1,history_date,0.0,0.0,0.0,0.0,0.0,0.0,0.95,1.0,0,11,0.5555555555555556,0.6,0.2,2,5,4,0,6.4,0.5818181818181819,0.35363636363636364,7,2026-07-25-03-10
2026-07-25-03-11,202601010111,2026-07-25,札幌,11,TVh賞,芝,1200,右,unknown,良,0,1,アスクケンタッキー,https://db.netkeiba.com/horse/2023110100/,2023110100,牡,3,55.0,武豊,,,202601010111,2026-07-25,TVh賞,右,unknown,良,6,1.0,14.0,0.0,1.0,4.333333333333333,5.833333333333333,6,4.333333333333333,3.0,0.8333333333333334,先行,1.0,corner4_last3,6,5.833333333333333,1,1.0,0.639333,0.891481,1,history_date,0.2115,0.190631,0.0,0.0,0.200925,0.182026,0.95,1.0,0,12,0.4666666666666667,0.0,0.0,2,6,1,3,7.200000000000001,0.6000000000000001,0.36,8,2026-07-25-03-11
2026-07-25-03-11,202601010111,2026-07-25,札幌,11,TVh賞,芝,1200,右,unknown,良,0,2,アンジュプロミス,https://db.netkeiba.com/horse/2023102577/,2023102577,牝,3,53.0,古川奈,,,202601010111,2026-07-25,TVh賞,右,unknown,良,10,1.0,21.0,0.0,8.0,7.0,4.0,10,2.6666666666666665,1.9,1.0,逃げ,1.0,corner4_last3,9,4.0,8,3.875,0.71125,0.732778,1,history_date,0.11475,0.108411,0.0,0.0,0.109012,0.103281,0.95,1.0,0,12,0.3076923076923077,0.0,0.0,2,6,1,3,7.200000000000001,0.6000000000000001,0.36,8,2026-07-25-03-11
2026-07-25-03-11,202601010111,2026-07-25,札幌,11,TVh賞,芝,1200,右,unknown,良,0,3,ウィルオレオール,https://db.netkeiba.com/horse/2022109024/,2022109024,牡,4,58.0,石川倭,,,202601010111,2026-07-25,TVh賞,右,unknown,良,16,1.0,21.0,0.0,12.0,7.333333333333333,4.6875,16,6.0,4.4375,0.625,先行,1.0,corner4_last3,4,4.25,2,8.5,0.576,0.665463,1,history_date,0.01364,0.013547,0.0,0.0,0.007775,0.007745,0.95,1.0,0,12,0.45128205128205134,0.0,0.0,2,6,1,3,7.200000000000001,0.6000000000000001,0.36,8,2026-07-25-03-11
2026-07-25-03-11,202601010111,2026-07-25,札幌,11,TVh賞,芝,1200,右,unknown,良,0,4,エヴァンスウィート,https://db.netkeiba.com/horse/2021105689/,2021105689,牝,5,56.0,吉田隼,,,202601010111,2026-07-25,TVh賞,右,unknown,良,16,1.0,21.0,0.0,7.0,8.333333333333334,5.625,16,12.0,6.9375,0.1875,追込,1.0,corner4_last3,10,5.7,16,5.625,0.65975,0.70463,1,history_date,0.02992,0.029477,0.0,0.0,0.020944,0.020726,0.7,1.0,0,12,0.6974358974358974,0.6,0.35,2,6,1,3,7.200000000000001,0.6000000000000001,0.36,8,2026-07-25-03-11
2026-07-25-03-11,202601010111,2026-07-25,札幌,11,TVh賞,芝,1200,右,unknown,良,0,5,クリエープキー,https://db.netkeiba.com/horse/2023103355/,2023103355,牝,3,53.0,吉田豊,,,202601010111,2026-07-25,TVh賞,右,unknown,良,11,1.0,14.0,0.0,7.0,7.0,6.363636363636363,11,6.0,4.181818181818182,0.7272727272727273,先行,1.0,corner4_last3,11,6.363636363636363,11,6.363636363636363,0.639091,0.736162,1,history_date,0.11475,0.108411,0.0,0.0,0.109012,0.103281,0.95,1.0,0,12,0.46153846153846156,0.0,0.0,2,6,1,3,7.200000000000001,0.6000000000000001,0.36,8,2026-07-25-03-11
2026-07-25-03-11,202601010111,2026-07-25,札幌,11,TVh賞,芝,1200,右,unknown,良,0,6,ゴールドサーベル,https://db.netkeiba.com/horse/2021105039/,2021105039,牡,5,58.0,小沢,,,202601010111,2026-07-25,TVh賞,右,unknown,良,22,1.0,21.0,0.0,15.0,13.333333333333334,7.818181818181818,22,10.666666666666666,10.181818181818182,0.09090909090909091,追込,1.0,corner4_last3,17,8.705882352941176,19,7.368421052631579,0.582198,0.453215,1,history_date,0.0,0.0,0.0,0.0,0.0,0.0,0.7,1.0,0,12,0.48205128205128195,0.6,0.35,2,6,1,3,7.200000000000001,0.6000000000000001,0.36,8,2026-07-25-03-11
2026-07-25-03-11,202601010111,2026-07-25,札幌,11,TVh賞,芝,1200,右,unknown,良,0,7,サウスバンク,https://db.netkeiba.com/horse/2022101443/,2022101443,牝,4,56.0,丹内,,,202601010111,2026-07-25,TVh賞,右,unknown,良,12,1.0,21.0,0.0,10.0,5.0,4.090909090909091,11,1.0,1.6363636363636365,0.9166666666666666,逃げ,1.0,corner4_last3,12,4.090909090909091,12,4.090909090909091,0.707273,0.756818,1,history_date,0.17138,0.157499,0.0,0.0,0.162811,0.150248,0.95,1.0,0,12,0.2923076923076923,0.0,0.0,2,6,1,3,7.200000000000001,0.6000000000000001,0.36,8,2026-07-25-03-11
2026-07-25-03-11,202601010111,2026-07-25,札幌,11,TVh賞,芝,1200,右,unknown,良,0,8,シカゴスティング,https://db.netkeiba.com/horse/2021105242/,2021105242,牝,5,56.0,武豊,,,202601010111,2026-07-25,TVh賞,右,unknown,良,20,1.0,21.0,0.0,4.0,5.666666666666667,5.45,20,8.666666666666666,5.85,0.3,差し,1.0,corner4_last3,17,5.235294117647059,20,5.45,0.670794,0.816704,1,history_date,0.0352,0.034588,0.0,0.0,0.02992,0.029477,0.85,1.0,0,12,0.6256410256410256,0.6,0.2,2,6,1,3,7.200000000000001,0.6000000000000001,0.36,8,2026-07-25-03-11
2026-07-25-03-11,202601010111,2026-07-25,札幌,11,TVh賞,芝,1200,右,unknown,良,0,9,パクスロマーナ,https://db.netkeiba.com/horse/2020104616/,2020104616,牝,6,56.0,舟山,,,202601010111,2026-07-25,TVh賞,右,unknown,良,43,1.0,21.0,0.0,6.0,7.666666666666667,6.357142857142857,42,5.0,4.523809523809524,0.627906976744186,先行,1.0,corner4_last3,38,6.972972972972973,18,6.833333333333333,0.622207,0.732672,1,history_date,0.11594,0.109471,0.0,0.0,0.110143,0.104294,0.95,1.0,0,12,0.3948717948717949,0.0,0.0,2,6,1,3,7.200000000000001,0.6000000000000001,0.36,8,2026-07-25-03-11
2026-07-25-03-11,202601010111,2026-07-25,札幌,11,TVh賞,芝,1200,右,unknown,良,0,10,メルトユアハート,https://db.netkeiba.com/horse/2021100143/,2021100143,牝,5,56.0,横山和,,,202601010111,2026-07-25,TVh賞,右,unknown,良,17,1.0,21.0,0.0,2.0,8.0,5.705882352941177,17,4.666666666666667,4.0,0.7058823529411765,先行,1.0,corner4_last3,3,8.0,17,5.705882352941177,0.540941,0.782418,1,history_date,0.1364,0.127506,0.0,0.0,0.12958,0.121536,0.95,1.0,0,12,0.36923076923076925,0.0,0.0,2,6,1,3,7.200000000000001,0.6000000000000001,0.36,8,2026-07-25-03-11
2026-07-25-03-11,202601010111,2026-07-25,札幌,11,TVh賞,芝,1200,右,unknown,良,0,11,ルーフ,https://db.netkeiba.com/horse/2020104194/,2020104194,牝,6,56.0,佐々木,,,202601010111,2026-07-25,TVh賞,右,unknown,良,26,1.0,21.0,0.0,3.0,5.666666666666667,6.04,25,12.333333333333334,6.8,0.4230769230769231,追込,1.0,corner4_last3,26,6.04,25,5.833333333333333,0.650867,0.82797,1,history_date,0.10912,0.103377,0.0,0.0,0.076384,0.07354,0.7,1.0,0,12,0.7948717948717948,0.6,0.35,2,6,1,3,7.200000000000001,0.6000000000000001,0.36,8,2026-07-25-03-11
2026-07-25-03-11,202601010111,2026-07-25,札幌,11,TVh賞,芝,1200,右,unknown,良,0,12,ロジケープ,https://db.netkeiba.com/horse/2023104015/,2023104015,牡,3,55.0,丹内,,,202601010111,2026-07-25,TVh賞,右,unknown,良,7,1.0,49.0,0.02,1.0,1.6666666666666667,2.142857142857143,7,4.333333333333333,3.7142857142857144,0.5714285714285714,先行,1.0,corner4_last3,5,1.8,7,2.142857142857143,0.772571,0.957513,1,history_date,0.23418,0.208781,0.0,0.0,0.222471,0.199462,0.95,1.0,0,12,0.5487179487179488,0.0,0.0,2,6,1,3,7.200000000000001,0.6000000000000001,0.36,8,2026-07-25-03-11
2026-07-25-03-12,202601010112,2026-07-25,札幌,12,桑園特別,ダ,1700,右,unknown,良,0,1,エンプレスフレーム,https://db.netkeiba.com/horse/2022107254/,2022107254,牝,4,56.0,原田和,,,202601010112,2026-07-25,桑園特別,右,unknown,良,18,1.0,21.0,0.0,7.0,10.0,7.611111111111111,18,6.666666666666667,4.666666666666667,0.5555555555555556,差し,1.0,corner4_last3,15,7.0,15,6.933333333333334,0.620667,0.652284,1,history_date,0.0,0.0,0.0,0.0,0.0,0.0,0.85,1.0,0,14,0.4,0.8,0.2,1,4,6,3,4.4,0.31428571428571433,0.26,9,2026-07-25-03-12
2026-07-25-03-12,202601010112,2026-07-25,札幌,12,桑園特別,ダ,1700,右,unknown,良,0,2,ギマール,https://db.netkeiba.com/horse/2021105931/,2021105931,牡,5,58.0,国分恭,,,202601010112,2026-07-25,桑園特別,右,unknown,良,15,1.0,21.0,0.0,10.0,6.333333333333333,4.571428571428571,15,6.666666666666667,5.933333333333334,0.5333333333333333,差し,1.0,corner4_last3,15,4.571428571428571,15,4.571428571428571,0.692857,0.719868,1,history_date,0.03348,0.032926,0.0,0.0,0.028458,0.028057,0.85,1.0,0,14,0.49777777777777776,0.8,0.2,1,4,6,3,4.4,0.31428571428571433,0.26,9,2026-07-25-03-12
2026-07-25-03-12,202601010112,2026-07-25,札幌,12,桑園特別,ダ,1700,右,unknown,良,0,3,ジュンラトゥール,https://db.netkeiba.com/horse/2021104039/,2021104039,牡,5,58.0,浜中,,,202601010112,2026-07-25,桑園特別,右,unknown,良,32,1.0,6.0,0.0,9.0,5.666666666666667,5.03125,32,6.0,6.25,0.34375,先行,1.0,corner4_last3,30,4.9,32,5.03125,0.681687,0.74912,1,history_date,0.03348,0.032926,0.0,0.0,0.031806,0.031306,0.95,1.0,0,14,0.48888888888888893,0.2,0.0,1,4,6,3,4.4,0.31428571428571433,0.26,9,2026-07-25-03-12
2026-07-25-03-12,202601010112,2026-07-25,札幌,12,桑園特別,ダ,1700,右,unknown,良,0,4,ショウナンヤッホー,https://db.netkeiba.com/horse/2022104605/,2022104605,牡,4,58.0,津村,,,202601010112,2026-07-25,桑園特別,右,unknown,良,13,1.0,28.0,0.0,6.0,10.333333333333334,6.076923076923077,13,6.666666666666667,6.230769230769231,0.23076923076923078,差し,1.0,corner4_last3,7,7.0,12,6.25,0.6275,0.664288,1,history_date,0.0,0.0,0.0,0.0,0.0,0.0,0.85,1.0,0,14,0.39111111111111113,0.8,0.2,1,4,6,3,4.4,0.31428571428571433,0.26,9,2026-07-25-03-12
2026-07-25-03-12,202601010112,2026-07-25,札幌,12,桑園特別,ダ,1700,右,unknown,良,0,5,セボンサデッセ,https://db.netkeiba.com/horse/2022104903/,2022104903,牡,4,58.0,武豊,,,202601010112,2026-07-25,桑園特別,右,unknown,良,10,1.0,21.0,0.0,2.0,1.6666666666666667,2.3,10,4.333333333333333,3.1,0.9,先行,1.0,corner4_last3,7,2.2857142857142856,10,2.3,0.761286,0.962926,1,history_date,0.217845,0.19575,0.0,0.0,0.206953,0.186942,0.95,1.0,0,14,0.5288888888888889,0.2,0.0,1,4,6,3,4.4,0.31428571428571433,0.26,9,2026-07-25-03-12
2026-07-25-03-12,202601010112,2026-07-25,札幌,12,桑園特別,ダ,1700,右,unknown,良,0,6,ハイクオリティ,https://db.netkeiba.com/horse/2022106924/,2022106924,牡,4,58.0,ゴンサルベ,,,202601010112,2026-07-25,桑園特別,右,unknown,良,17,1.0,28.0,0.0,2.0,1.6666666666666667,4.529411764705882,17,1.3333333333333333,4.588235294117647,0.5882352941176471,逃げ,1.0,corner4_last3,14,3.9285714285714284,15,4.133333333333334,0.710095,0.953017,1,history_date,0.19926,0.180663,0.0,0.0,0.189297,0.172459,0.95,1.0,0,14,0.4088888888888889,0.2,0.0,1,4,6,3,4.4,0.31428571428571433,0.26,9,2026-07-25-03-12
2026-07-25-03-12,202601010112,2026-07-25,札幌,12,桑園特別,ダ,1700,右,unknown,良,0,7,ヒルノピレネー,https://db.netkeiba.com/horse/2020100673/,2020100673,牡,6,58.0,亀田,,,202601010112,2026-07-25,桑園特別,右,unknown,良,25,1.0,104.0,0.045,12.0,9.0,6.64,25,13.0,7.2,0.28,追込,1.0,corner4_last3,7,5.285714285714286,17,6.235294117647059,0.661933,0.568267,1,history_date,0.01512,0.015006,0.0,0.0,0.00635,0.00633,0.7,1.0,0,14,0.68,0.8,0.35,1,4,6,3,4.4,0.31428571428571433,0.26,9,2026-07-25-03-12
2026-07-25-03-12,202601010112,2026-07-25,札幌,12,桑園特別,ダ,1700,右,unknown,良,0,8,フェスタリア,https://db.netkeiba.com/horse/2022100028/,2022100028,牡,4,58.0,今村,,,202601010112,2026-07-25,桑園特別,右,unknown,良,13,1.0,41.0,0.0,9.0,6.333333333333333,5.615384615384615,13,6.333333333333333,8.923076923076923,0.23076923076923078,先行,1.0,corner4_last3,4,5.5,13,5.615384615384615,0.627846,0.729117,1,history_date,0.063,0.061057,0.0,0.0,0.05985,0.058094,0.95,1.0,0,14,0.4844444444444444,0.2,0.0,1,4,6,3,4.4,0.31428571428571433,0.26,9,2026-07-25-03-12
2026-07-25-03-12,202601010112,2026-07-25,札幌,12,桑園特別,ダ,1700,右,unknown,良,0,9,フォーワンセルフ,https://db.netkeiba.com/horse/2019102163/,2019102163,牡,7,58.0,荻野琢,,,202601010112,2026-07-25,桑園特別,右,unknown,良,47,1.0,6.0,0.0,10.0,10.0,7.638297872340425,47,11.0,9.23404255319149,0.1702127659574468,追込,1.0,corner4_last3,36,7.138888888888889,45,7.644444444444445,0.610778,0.610496,1,history_date,0.0,0.0,0.0,0.0,0.0,0.0,0.7,1.0,0,14,0.5733333333333333,0.8,0.35,1,4,6,3,4.4,0.31428571428571433,0.26,9,2026-07-25-03-12
2026-07-25-03-12,202601010112,2026-07-25,札幌,12,桑園特別,ダ,1700,右,unknown,良,0,10,ベラジオワールド,https://db.netkeiba.com/horse/2022110130/,2022110130,牡,4,57.0,横山和,,,202601010112,2026-07-25,桑園特別,右,unknown,良,12,1.0,48.0,0.0,3.0,3.0,2.8333333333333335,12,6.666666666666667,6.25,0.25,差し,1.0,corner4_last3,4,2.75,5,2.6,0.713,0.911852,1,history_date,0.134865,0.126166,0.0,0.0,0.09997,0.095136,0.85,1.0,0,14,0.5866666666666667,0.8,0.2,1,4,6,3,4.4,0.31428571428571433,0.26,9,2026-07-25-03-12
2026-07-25-03-12,202601010112,2026-07-25,札幌,12,桑園特別,ダ,1700,右,unknown,良,0,11,マッスルバック,https://db.netkeiba.com/horse/2021103809/,2021103809,牡,5,58.0,黛,,,202601010112,2026-07-25,桑園特別,右,unknown,良,22,1.0,21.0,0.0,8.0,8.666666666666666,5.636363636363637,22,11.0,6.954545454545454,0.45454545454545453,追込,1.0,corner4_last3,20,5.5,19,5.7894736842105265,0.662105,0.681987,1,history_date,0.0,0.0,0.0,0.0,0.0,0.0,0.7,1.0,0,14,0.6088888888888888,0.8,0.35,1,4,6,3,4.4,0.31428571428571433,0.26,9,2026-07-25-03-12
2026-07-25-03-12,202601010112,2026-07-25,札幌,12,桑園特別,ダ,1700,右,unknown,良,0,12,メイショウタイピン,https://db.netkeiba.com/horse/2022102828/,2022102828,牡,4,58.0,池添,,,202601010112,2026-07-25,桑園特別,右,unknown,良,20,1.0,6.0,0.0,7.0,5.333333333333333,5.35,20,7.0,6.3,0.35,差し,1.0,corner4_last3,17,5.235294117647059,20,5.35,0.671794,0.784185,1,history_date,0.03348,0.032926,0.0,0.0,0.028458,0.028057,0.85,1.0,0,14,0.5377777777777778,0.8,0.2,1,4,6,3,4.4,0.31428571428571433,0.26,9,2026-07-25-03-12
2026-07-25-03-12,202601010112,2026-07-25,札幌,12,桑園特別,ダ,1700,右,unknown,良,0,13,ライフゲート,https://db.netkeiba.com/horse/2022103778/,2022103778,セ,4,58.0,丹内,,,202601010112,2026-07-25,桑園特別,右,unknown,良,21,1.0,21.0,0.0,9.0,8.0,4.619047619047619,21,6.333333333333333,3.761904761904762,0.6666666666666666,先行,1.0,corner4_last3,21,4.619047619047619,21,4.619047619047619,0.691429,0.690026,1,history_date,0.071145,0.068673,0.0,0.0,0.067588,0.065354,0.95,1.0,0,14,0.43999999999999995,0.2,0.0,1,4,6,3,4.4,0.31428571428571433,0.26,9,2026-07-25-03-12
2026-07-25-03-12,202601010112,2026-07-25,札幌,12,桑園特別,ダ,1700,右,unknown,良,0,14,リメンバーヒム,https://db.netkeiba.com/horse/2022100321/,2022100321,牡,4,58.0,石橋脩,,,202601010112,2026-07-25,桑園特別,右,unknown,良,16,1.0,90.0,0.045,8.0,7.333333333333333,5.1875,16,7.333333333333333,6.5625,0.375,差し,1.0,corner4_last3,0,,16,5.1875,0.218125,0.673796,1,history_date,0.01512,0.015006,0.0,0.0,0.010282,0.010229,0.85,1.0,0,14,0.49777777777777776,0.8,0.2,1,4,6,3,4.4,0.31428571428571433,0.26,9,2026-07-25-03-12
