race_id,numeric_race_id,date,course,race_number,race_name,horse_number,horse_name,horse_url,horse_id,sex,age,weight_carried_today,jockey_today,odds_today,popularity_today,history_index,history_date,history_place,history_race_name,history_class,history_frame_number,history_horse_number,history_distance_text,history_surface,history_distance,history_course_condition,history_finish,history_popularity,history_odds,history_last3f,history_margin,history_weight,history_passing,history_time,history_jockey,history_horse_weight,history_weather,corner1,corner2,corner3,corner4
2026-07-19-01-10,202603020810,2026-07-19,福島,10,猪苗代特別,1,ジェットブレード,https://db.netkeiba.com/horse/2022103522/,2022103522,牡,4,58.0,菊沢,,,0,2026/07/19,2福島8,猪苗代特別(2勝クラス),,1,1,芝2000,芝,2000,良,10.0,7,23.7,36.4,1.6,58,6-5-6-6,2:01.8,菊沢一樹,484(-16),晴,6.0,5.0,6.0,6.0
2026-07-19-01-10,202603020810,2026-07-19,福島,10,猪苗代特別,1,ジェットブレード,https://db.netkeiba.com/horse/2022103522/,2022103522,牡,4,58.0,菊沢,,,1,2026/05/17,1新潟6,信濃川特別(2勝クラス),,5,10,芝2000,芝,2000,良,6.0,12,48.7,33.5,0.6,58,11-9,2:01.3,富田暁,500(0),晴,11.0,9.0,,9.0
2026-07-19-01-10,202603020810,2026-07-19,福島,10,猪苗代特別,1,ジェットブレード,https://db.netkeiba.com/horse/2022103522/,2022103522,牡,4,58.0,菊沢,,,2,2026/04/26,3京都2,比良山特別(2勝クラス),,4,4,芝2200,芝,2200,良,10.0,6,13.8,36.1,1.2,55,3-3-3-2,2:12.6,岩田康誠,500(-2),晴,3.0,3.0,3.0,2.0
2026-07-19-01-10,202603020810,2026-07-19,福島,10,猪苗代特別,1,ジェットブレード,https://db.netkeiba.com/horse/2022103522/,2022103522,牡,4,58.0,菊沢,,,3,2026/03/28,1中京5,TAインディア賞(2勝クラス),,3,3,芝2200,芝,2200,良,4.0,6,13.0,33.4,0.3,57,8-8-8-7,2:15.6,岩田康誠,502(+4),晴,8.0,8.0,8.0,7.0
2026-07-19-01-10,202603020810,2026-07-19,福島,10,猪苗代特別,1,ジェットブレード,https://db.netkeiba.com/horse/2022103522/,2022103522,牡,4,58.0,菊沢,,,4,2026/03/14,1中京1,茶臼山高原特別(2勝クラス),,2,2,芝2000,芝,2000,良,5.0,6,15.5,35.2,0.5,58,6-5-7-7,1:59.4,松若風馬,498(-4),晴,6.0,5.0,7.0,7.0
2026-07-19-01-10,202603020810,2026-07-19,福島,10,猪苗代特別,1,ジェットブレード,https://db.netkeiba.com/horse/2022103522/,2022103522,牡,4,58.0,菊沢,,,5,2026/01/05,1中山2,初日の出賞(2勝クラス),,4,4,芝2000,芝,2000,良,5.0,5,8.3,34.9,0.6,57,4-4-4-4,2:02.2,菊沢一樹,502(+8),晴,4.0,4.0,4.0,4.0
2026-07-19-01-10,202603020810,2026-07-19,福島,10,猪苗代特別,1,ジェットブレード,https://db.netkeiba.com/horse/2022103522/,2022103522,牡,4,58.0,菊沢,,,6,2025/12/14,5中京4,一宮特別(2勝クラス),,3,3,芝2200,芝,2200,稍,3.0,5,11.4,35.6,0.9,56,3-3-4-3,2:14.9,菊沢一樹,494(+6),晴,3.0,3.0,4.0,3.0
2026-07-19-01-10,202603020810,2026-07-19,福島,10,猪苗代特別,1,ジェットブレード,https://db.netkeiba.com/horse/2022103522/,2022103522,牡,4,58.0,菊沢,,,7,2025/11/08,3福島1,三春駒特別(1勝クラス),,3,5,芝2000,芝,2000,良,1.0,4,14.8,35.3,0.0,56,4-4-4-5,1:59.7,菊沢一樹,488(+4),晴,4.0,4.0,4.0,5.0
2026-07-19-01-10,202603020810,2026-07-19,福島,10,猪苗代特別,1,ジェットブレード,https://db.netkeiba.com/horse/2022103522/,2022103522,牡,4,58.0,菊沢,,,8,2025/10/18,4新潟1,岩船特別(1勝クラス),,5,8,芝2200,芝,2200,良,7.0,7,12.3,35.8,0.5,55,11-9-9-8,2:13.3,菊沢一樹,484(+10),曇,11.0,9.0,9.0,8.0
2026-07-19-01-10,202603020810,2026-07-19,福島,10,猪苗代特別,1,ジェットブレード,https://db.netkeiba.com/horse/2022103522/,2022103522,牡,4,58.0,菊沢,,,9,2025/08/31,3新潟4,瓢湖特別(1勝クラス),,6,7,芝2200,芝,2200,良,3.0,5,17.1,35.4,0.4,55,10-10-7-5,2:14.0,菊沢一樹,474(-6),晴,10.0,10.0,7.0,5.0
2026-07-19-01-10,202603020810,2026-07-19,福島,10,猪苗代特別,1,ジェットブレード,https://db.netkeiba.com/horse/2022103522/,2022103522,牡,4,58.0,菊沢,,,10,2025/08/03,2新潟4,燕特別(1勝クラス),,1,1,芝2200,芝,2200,良,5.0,6,18.3,34.7,0.4,55,6-6-8-8,2:12.7,菊沢一樹,480(+6),晴,6.0,6.0,8.0,8.0
2026-07-19-01-10,202603020810,2026-07-19,福島,10,猪苗代特別,1,ジェットブレード,https://db.netkeiba.com/horse/2022103522/,2022103522,牡,4,58.0,菊沢,,,11,2025/07/05,2福島3,伊達特別(1勝クラス),,8,10,芝2000,芝,2000,良,5.0,6,12.5,36.0,0.6,55,4-4-3-2,2:02.1,菊沢一樹,474(-4),曇,4.0,4.0,3.0,2.0
2026-07-19-01-10,202603020810,2026-07-19,福島,10,猪苗代特別,1,ジェットブレード,https://db.netkeiba.com/horse/2022103522/,2022103522,牡,4,58.0,菊沢,,,12,2025/04/19,1福島3,ひめさゆり賞(1勝クラス),,6,6,芝2000,芝,2000,良,3.0,4,13.4,35.7,0.8,57,4-4-4-4,1:59.6,丸山元気,478(-16),晴,4.0,4.0,4.0,4.0
2026-07-19-01-10,202603020810,2026-07-19,福島,10,猪苗代特別,1,ジェットブレード,https://db.netkeiba.com/horse/2022103522/,2022103522,牡,4,58.0,菊沢,,,13,2025/04/12,3中山5,山藤賞(1勝クラス),,8,8,芝2000,芝,2000,良,5.0,6,35.7,37.5,1.4,57,1-1-1-1,2:00.4,原優介,494(-2),晴,1.0,1.0,1.0,1.0
2026-07-19-01-10,202603020810,2026-07-19,福島,10,猪苗代特別,1,ジェットブレード,https://db.netkeiba.com/horse/2022103522/,2022103522,牡,4,58.0,菊沢,,,14,2025/03/23,2中山8,3歳1勝クラス,,6,8,芝2000,芝,2000,良,6.0,8,55.5,37.3,1.5,57,1-1-1-1,2:01.5,原優介,496(+18),晴,1.0,1.0,1.0,1.0
2026-07-19-01-10,202603020810,2026-07-19,福島,10,猪苗代特別,1,ジェットブレード,https://db.netkeiba.com/horse/2022103522/,2022103522,牡,4,58.0,菊沢,,,15,2024/11/10,3福島4,2歳未勝利,,1,1,芝2000,芝,2000,良,1.0,2,4.9,37.4,-0.1,56,1-1-1-1,2:03.4,丹内祐次,478(+6),晴,1.0,1.0,1.0,1.0
2026-07-19-01-10,202603020810,2026-07-19,福島,10,猪苗代特別,1,ジェットブレード,https://db.netkeiba.com/horse/2022103522/,2022103522,牡,4,58.0,菊沢,,,16,2024/09/28,4中山8,2歳未勝利,,5,9,芝2000,芝,2000,良,5.0,7,25.8,37.0,0.4,54,2-2-2-2,2:02.6,原優介,472(0),曇,2.0,2.0,2.0,2.0
2026-07-19-01-10,202603020810,2026-07-19,福島,10,猪苗代特別,1,ジェットブレード,https://db.netkeiba.com/horse/2022103522/,2022103522,牡,4,58.0,菊沢,,,17,2024/09/15,4中山4,2歳未勝利,,8,13,芝2000,芝,2000,良,3.0,11,84.4,35.9,0.1,54,1-2-1-1,2:00.3,原優介,472(+2),晴,1.0,2.0,1.0,1.0
2026-07-19-01-10,202603020810,2026-07-19,福島,10,猪苗代特別,1,ジェットブレード,https://db.netkeiba.com/horse/2022103522/,2022103522,牡,4,58.0,菊沢,,,18,2024/09/01,3新潟8,2歳未勝利,,7,9,芝2000,芝,2000,良,7.0,8,51.2,37.8,1.4,54,2-2-2-2,2:02.9,原優介,470(+10),晴,2.0,2.0,2.0,2.0
2026-07-19-01-10,202603020810,2026-07-19,福島,10,猪苗代特別,1,ジェットブレード,https://db.netkeiba.com/horse/2022103522/,2022103522,牡,4,58.0,菊沢,,,19,2024/07/20,2福島7,2歳未勝利,,7,14,芝1800,芝,1800,良,6.0,7,26.1,36.9,0.8,54,4-3-4-5,1:50.8,原優介,460(+4),曇,4.0,3.0,4.0,5.0
2026-07-19-01-10,202603020810,2026-07-19,福島,10,猪苗代特別,1,ジェットブレード,https://db.netkeiba.com/horse/2022103522/,2022103522,牡,4,58.0,菊沢,,,20,2024/07/06,2福島3,2歳新馬,,1,1,芝1800,芝,1800,良,6.0,4,7.2,35.7,1.3,54,12-12-11-9,1:53.4,原優介,456(0),曇,12.0,12.0,11.0,9.0
2026-07-19-01-10,202603020810,2026-07-19,福島,10,猪苗代特別,2,ゴーソーファー,https://db.netkeiba.com/horse/2022104781/,2022104781,牝,4,56.0,嶋田,,,0,2026/07/19,2福島8,猪苗代特別(2勝クラス),,2,2,芝2000,芝,2000,良,12.0,10,100.6,37.3,2.7,56,6-8-8-10,2:02.9,嶋田純次,476(-2),晴,6.0,8.0,8.0,10.0
2026-07-19-01-10,202603020810,2026-07-19,福島,10,猪苗代特別,2,ゴーソーファー,https://db.netkeiba.com/horse/2022104781/,2022104781,牝,4,56.0,嶋田,,,1,2026/05/23,2東京9,4歳以上2勝クラス,,4,8,ダ1600,ダ,1600,稍,15.0,9,46.4,36.9,2.6,56,10-12,1:39.3,津村明秀,478(-2),曇,10.0,12.0,,12.0
2026-07-19-01-10,202603020810,2026-07-19,福島,10,猪苗代特別,2,ゴーソーファー,https://db.netkeiba.com/horse/2022104781/,2022104781,牝,4,56.0,嶋田,,,2,2026/03/14,2中山5,房総特別(2勝クラス),,5,5,芝2000,芝,2000,良,10.0,7,31.1,36.5,1.9,56,6-7-7-9,2:02.0,丹内祐次,480(+6),晴,6.0,7.0,7.0,9.0
2026-07-19-01-10,202603020810,2026-07-19,福島,10,猪苗代特別,2,ゴーソーファー,https://db.netkeiba.com/horse/2022104781/,2022104781,牝,4,56.0,嶋田,,,3,2026/03/01,2中山2,富里特別(2勝クラス),,8,10,芝2000,芝,2000,良,9.0,6,17.0,37.4,5.5,55,7-7-9-9,2:03.2,津村明秀,474(+12),晴,7.0,7.0,9.0,9.0
2026-07-19-01-10,202603020810,2026-07-19,福島,10,猪苗代特別,2,ゴーソーファー,https://db.netkeiba.com/horse/2022104781/,2022104781,牝,4,56.0,嶋田,,,4,2025/11/22,4京都5,3歳以上2勝クラス,,2,2,芝2000,芝,2000,良,15.0,5,16.8,37.9,4.2,54,14-14-8-9,2:03.4,坂井瑠星,462(-6),晴,14.0,14.0,8.0,9.0
2026-07-19-01-10,202603020810,2026-07-19,福島,10,猪苗代特別,2,ゴーソーファー,https://db.netkeiba.com/horse/2022104781/,2022104781,牝,4,56.0,嶋田,,,5,2025/10/18,4東京6,3歳以上2勝クラス,,7,7,芝2000,芝,2000,良,5.0,3,4.9,34.8,0.7,54,2-2-2,2:00.5,津村明秀,468(+10),晴,2.0,2.0,2.0,2.0
2026-07-19-01-10,202603020810,2026-07-19,福島,10,猪苗代特別,2,ゴーソーファー,https://db.netkeiba.com/horse/2022104781/,2022104781,牝,4,56.0,嶋田,,,6,2025/05/25,2東京10,優駿牝馬(GI),,8,16,芝2400,芝,2400,良,18.0,13,131.4,38.7,5.4,55,16-17-17-17,2:31.1,津村明秀,458(0),曇,16.0,17.0,17.0,17.0
2026-07-19-01-10,202603020810,2026-07-19,福島,10,猪苗代特別,2,ゴーソーファー,https://db.netkeiba.com/horse/2022104781/,2022104781,牝,4,56.0,嶋田,,,7,2025/04/27,2東京2,サンスポ賞フローラS(GII),,5,9,芝2000,芝,2000,良,16.0,3,6.5,34.2,1.1,55,13-12-13,1:59.7,津村明秀,458(-4),晴,13.0,12.0,13.0,13.0
2026-07-19-01-10,202603020810,2026-07-19,福島,10,猪苗代特別,2,ゴーソーファー,https://db.netkeiba.com/horse/2022104781/,2022104781,牝,4,56.0,嶋田,,,8,2025/03/22,2中山7,フラワーC(GIII),,6,12,芝1800,芝,1800,良,3.0,4,6.9,35.0,0.5,55,9-9-10-9,1:48.3,津村明秀,462(+2),晴,9.0,9.0,10.0,9.0
2026-07-19-01-10,202603020810,2026-07-19,福島,10,猪苗代特別,2,ゴーソーファー,https://db.netkeiba.com/horse/2022104781/,2022104781,牝,4,56.0,嶋田,,,9,2025/01/06,1中山2,3歳1勝クラス,,6,7,芝2000,芝,2000,良,1.0,7,36.5,34.9,-0.1,55,12-12-12-7,2:00.7,津村明秀,460(+4),小雨,12.0,12.0,12.0,7.0
2026-07-19-01-10,202603020810,2026-07-19,福島,10,猪苗代特別,2,ゴーソーファー,https://db.netkeiba.com/horse/2022104781/,2022104781,牝,4,56.0,嶋田,,,10,2024/09/29,4中山9,サフラン賞(1勝クラス),,8,9,芝1600,芝,1600,良,9.0,3,9.6,35.9,1.6,55,7-5-8,1:36.8,横山武史,456(+6),曇,7.0,5.0,8.0,8.0
2026-07-19-01-10,202603020810,2026-07-19,福島,10,猪苗代特別,2,ゴーソーファー,https://db.netkeiba.com/horse/2022104781/,2022104781,牝,4,56.0,嶋田,,,11,2024/08/25,3新潟6,2歳新馬,,7,7,芝1800,芝,1800,良,1.0,2,2.7,34.4,-0.4,55,1-1,1:49.7,横山武史,450(0),曇,1.0,1.0,,1.0
2026-07-19-01-10,202603020810,2026-07-19,福島,10,猪苗代特別,3,ビッグデイメイク,https://db.netkeiba.com/horse/2022102532/,2022102532,牝,4,56.0,柴田大,,,0,2026/07/19,2福島8,猪苗代特別(2勝クラス),,3,3,芝2000,芝,2000,良,7.0,12,387.7,35.4,1.0,56,9-11-11-8,2:01.2,柴田大知,426(-4),晴,9.0,11.0,11.0,8.0
2026-07-19-01-10,202603020810,2026-07-19,福島,10,猪苗代特別,3,ビッグデイメイク,https://db.netkeiba.com/horse/2022102532/,2022102532,牝,4,56.0,柴田大,,,1,2026/07/05,2福島4,白河特別(2勝クラス),,8,12,芝1800,芝,1800,良,9.0,12,310.4,35.7,1.8,56,8-8-9-10,1:49.2,柴田大知,430(+2),曇,8.0,8.0,9.0,10.0
2026-07-19-01-10,202603020810,2026-07-19,福島,10,猪苗代特別,3,ビッグデイメイク,https://db.netkeiba.com/horse/2022102532/,2022102532,牝,4,56.0,柴田大,,,2,2026/06/14,3阪神4,逆瀬川特別(2勝クラス),,3,3,ダ1800,ダ,1800,良,8.0,9,224.4,37.8,1.7,56,3-3-4-6,1:55.6,森田誠也,428(-4),曇,3.0,3.0,4.0,6.0
2026-07-19-01-10,202603020810,2026-07-19,福島,10,猪苗代特別,3,ビッグデイメイク,https://db.netkeiba.com/horse/2022102532/,2022102532,牝,4,56.0,柴田大,,,3,2026/05/30,2東京11,葉山特別(2勝クラス),,3,3,芝1600,芝,1600,良,11.0,11,353.9,34.3,2.2,56,10-10,1:34.6,柴田大知,432(+6),晴,10.0,10.0,,10.0
2026-07-19-01-10,202603020810,2026-07-19,福島,10,猪苗代特別,3,ビッグデイメイク,https://db.netkeiba.com/horse/2022102532/,2022102532,牝,4,56.0,柴田大,,,4,2026/03/07,1阪神5,千里山特別(2勝クラス),,5,5,芝2000,芝,2000,良,9.0,9,188.1,35.9,2.3,51,7-7-7-6,2:03.3,森田誠也,426(-6),曇,7.0,7.0,7.0,6.0
2026-07-19-01-10,202603020810,2026-07-19,福島,10,猪苗代特別,3,ビッグデイメイク,https://db.netkeiba.com/horse/2022102532/,2022102532,牝,4,56.0,柴田大,,,5,2026/01/11,1中山4,初咲賞(2勝クラス),,6,9,芝1800,芝,1800,良,13.0,13,181.3,35.2,1.2,55,12-12-11-11,1:49.1,石神深道,432(+8),晴,12.0,12.0,11.0,11.0
2026-07-19-01-10,202603020810,2026-07-19,福島,10,猪苗代特別,3,ビッグデイメイク,https://db.netkeiba.com/horse/2022102532/,2022102532,牝,4,56.0,柴田大,,,6,2025/12/27,5阪神7,3歳以上2勝クラス,,5,5,芝2000,芝,2000,良,5.0,9,340.2,35.1,1.0,52,7-7-7-6,2:00.9,森田誠也,424(0),晴,7.0,7.0,7.0,6.0
2026-07-19-01-10,202603020810,2026-07-19,福島,10,猪苗代特別,3,ビッグデイメイク,https://db.netkeiba.com/horse/2022102532/,2022102532,牝,4,56.0,柴田大,,,7,2025/12/14,5中京4,一宮特別(2勝クラス),,7,8,芝2200,芝,2200,稍,9.0,8,196.2,36.3,2.4,54,8-10-9-9,2:16.4,石神深道,424(-5),晴,8.0,10.0,9.0,9.0
2026-07-19-01-10,202603020810,2026-07-19,福島,10,猪苗代特別,3,ビッグデイメイク,https://db.netkeiba.com/horse/2022102532/,2022102532,牝,4,56.0,柴田大,,,8,2025/11/06,船橋,堅守猛攻特別(B2B3),,3,3,ダ1600,ダ,1600,稍,8.0,9,35.2,39.2,1.0,51,13-13-12-12,1:44.4,所蛍,429(-4),晴,13.0,13.0,12.0,12.0
2026-07-19-01-10,202603020810,2026-07-19,福島,10,猪苗代特別,3,ビッグデイメイク,https://db.netkeiba.com/horse/2022102532/,2022102532,牝,4,56.0,柴田大,,,9,2025/10/03,船橋,次開催は15年ぶりJ(B3),,6,8,ダ1800,ダ,1800,良,5.0,8,52.8,39.4,0.5,51,8-8-10-8,1:56.3,所蛍,433(+8),曇,8.0,8.0,10.0,8.0
2026-07-19-01-10,202603020810,2026-07-19,福島,10,猪苗代特別,3,ビッグデイメイク,https://db.netkeiba.com/horse/2022102532/,2022102532,牝,4,56.0,柴田大,,,10,2025/09/26,浦和,紅葉月特別(B2B3),,8,11,ダ1500,ダ,1500,良,8.0,5,11.0,38.9,1.2,49,7-6-8-8,1:36.9,椿聡太,425(-8),晴,7.0,6.0,8.0,8.0
2026-07-19-01-10,202603020810,2026-07-19,福島,10,猪苗代特別,3,ビッグデイメイク,https://db.netkeiba.com/horse/2022102532/,2022102532,牝,4,56.0,柴田大,,,11,2025/08/28,船橋,アレキサンドライトカ(OP)(3歳),,3,3,ダ1700,ダ,1700,良,8.0,8,67.4,37.5,1.2,54,8-8-8-7,1:51.1,澤田龍哉,433(+23),晴,8.0,8.0,8.0,7.0
2026-07-19-01-10,202603020810,2026-07-19,福島,10,猪苗代特別,3,ビッグデイメイク,https://db.netkeiba.com/horse/2022102532/,2022102532,牝,4,56.0,柴田大,,,12,2025/05/09,船橋,たんぽぽ特別(3歳),,3,3,ダ1500,ダ,1500,良,3.0,5,14.8,38.1,0.4,53,5-5-5-5,1:38.3,所蛍,410(+1),曇,5.0,5.0,5.0,5.0
2026-07-19-01-10,202603020810,2026-07-19,福島,10,猪苗代特別,3,ビッグデイメイク,https://db.netkeiba.com/horse/2022102532/,2022102532,牝,4,56.0,柴田大,,,13,2025/04/22,浦和,’25アヴニール賞(OP)(3歳),,8,9,ダ1400,ダ,1400,良,5.0,5,9.5,38.1,1.4,52,8-8-8-7,1:30.4,岡村健司,409(-4),曇,8.0,8.0,8.0,7.0
2026-07-19-01-10,202603020810,2026-07-19,福島,10,猪苗代特別,3,ビッグデイメイク,https://db.netkeiba.com/horse/2022102532/,2022102532,牝,4,56.0,柴田大,,,14,2025/04/01,船橋,チューリップ特別(3歳),,8,11,ダ1600,ダ,1600,不,5.0,4,10.8,39.7,0.9,53,10-9-8-8,1:44.5,所蛍,413(+1),雨,10.0,9.0,8.0,8.0
2026-07-19-01-10,202603020810,2026-07-19,福島,10,猪苗代特別,3,ビッグデイメイク,https://db.netkeiba.com/horse/2022102532/,2022102532,牝,4,56.0,柴田大,,,15,2025/02/11,船橋,船橋フューチュリティ(3歳),,5,5,ダ1600,ダ,1600,良,3.0,3,5.8,38.7,0.2,53,6-6-6-4,1:43.9,所蛍,412(+4),晴,6.0,6.0,6.0,4.0
2026-07-19-01-10,202603020810,2026-07-19,福島,10,猪苗代特別,3,ビッグデイメイク,https://db.netkeiba.com/horse/2022102532/,2022102532,牝,4,56.0,柴田大,,,16,2025/01/21,船橋,メアリー賞(3歳),,3,3,ダ1500,ダ,1500,良,8.0,2,2.4,38.2,1.4,53,8-8-8-8,1:38.7,所蛍,408(-3),晴,8.0,8.0,8.0,8.0
2026-07-19-01-10,202603020810,2026-07-19,福島,10,猪苗代特別,3,ビッグデイメイク,https://db.netkeiba.com/horse/2022102532/,2022102532,牝,4,56.0,柴田大,,,17,2024/12/17,船橋,クラーベセクレタ・メ(2歳),,8,11,ダ1500,ダ,1500,良,2.0,1,2.7,38.9,0.0,53,7-9-7-7,1:37.8,所蛍,411(-9),晴,7.0,9.0,7.0,7.0
2026-07-19-01-10,202603020810,2026-07-19,福島,10,猪苗代特別,3,ビッグデイメイク,https://db.netkeiba.com/horse/2022102532/,2022102532,牝,4,56.0,柴田大,,,18,2024/11/26,船橋,プルザトリガー・メモ(2歳),,1,1,ダ1500,ダ,1500,良,3.0,4,5.6,38.4,1.1,53,8-8-10-9,1:38.3,佐野遥久,420(+17),晴,8.0,8.0,10.0,9.0
2026-07-19-01-10,202603020810,2026-07-19,福島,10,猪苗代特別,3,ビッグデイメイク,https://db.netkeiba.com/horse/2022102532/,2022102532,牝,4,56.0,柴田大,,,19,2024/09/20,浦和,新生特別(2歳),,6,8,ダ1500,ダ,1500,良,1.0,3,4.5,39.3,0.0,52,6-6-6-4,1:38.3,所蛍,403(-3),晴,6.0,6.0,6.0,4.0
2026-07-19-01-10,202603020810,2026-07-19,福島,10,猪苗代特別,3,ビッグデイメイク,https://db.netkeiba.com/horse/2022102532/,2022102532,牝,4,56.0,柴田大,,,20,2024/08/26,船橋,リバーサイドアイドル(2歳),,2,2,ダ1500,ダ,1500,良,3.0,4,15.3,37.8,0.1,51,7-7-7-7,1:37.4,所蛍,406(-2),晴,7.0,7.0,7.0,7.0
2026-07-19-01-10,202603020810,2026-07-19,福島,10,猪苗代特別,3,ビッグデイメイク,https://db.netkeiba.com/horse/2022102532/,2022102532,牝,4,56.0,柴田大,,,21,2024/07/19,船橋,2歳三,,3,3,ダ1200,ダ,1200,稍,1.0,1,2.3,40.4,-0.3,51,2-2-2,1:17.1,所蛍,408(-2),晴,2.0,2.0,2.0,2.0
2026-07-19-01-10,202603020810,2026-07-19,福島,10,猪苗代特別,3,ビッグデイメイク,https://db.netkeiba.com/horse/2022102532/,2022102532,牝,4,56.0,柴田大,,,22,2024/06/30,船橋,アジサイデビュー(2歳),,5,5,ダ1000,ダ,1000,稍,3.0,2,3.9,39.6,1.4,54,3-3,1:03.8,澤田龍哉,410(0),曇,3.0,3.0,,3.0
2026-07-19-01-10,202603020810,2026-07-19,福島,10,猪苗代特別,4,アロンズロッド,https://db.netkeiba.com/horse/2022104635/,2022104635,牡,4,58.0,戸崎圭,,,0,2026/07/19,2福島8,猪苗代特別(2勝クラス),,4,4,芝2000,芝,2000,良,2.0,1,2.8,34.7,0.0,58,9-10-7-6,2:00.2,戸崎圭太,484(-6),晴,9.0,10.0,7.0,6.0
2026-07-19-01-10,202603020810,2026-07-19,福島,10,猪苗代特別,4,アロンズロッド,https://db.netkeiba.com/horse/2022104635/,2022104635,牡,4,58.0,戸崎圭,,,1,2026/05/31,2東京12,青嵐賞(2勝クラス),,7,11,芝2400,芝,2400,良,4.0,1,2.4,33.1,0.3,58,10-10-11-9,2:24.4,ルメール,490(+6),晴,10.0,10.0,11.0,9.0
2026-07-19-01-10,202603020810,2026-07-19,福島,10,猪苗代特別,4,アロンズロッド,https://db.netkeiba.com/horse/2022104635/,2022104635,牡,4,58.0,戸崎圭,,,2,2026/04/11,2阪神5,明石特別(2勝クラス),,4,4,芝2400,芝,2400,良,2.0,1,1.7,33.5,0.0,58,3-3-2-2,2:27.4,ルメール,484(-12),晴,3.0,3.0,2.0,2.0
2026-07-19-01-10,202603020810,2026-07-19,福島,10,猪苗代特別,4,アロンズロッド,https://db.netkeiba.com/horse/2022104635/,2022104635,牡,4,58.0,戸崎圭,,,3,2026/02/14,1東京5,箱根特別(2勝クラス),,6,6,芝2400,芝,2400,良,3.0,2,2.0,33.1,0.4,57,5-5-5-5,2:25.1,ルメール,496(+4),晴,5.0,5.0,5.0,5.0
2026-07-19-01-10,202603020810,2026-07-19,福島,10,猪苗代特別,4,アロンズロッド,https://db.netkeiba.com/horse/2022104635/,2022104635,牡,4,58.0,戸崎圭,,,4,2025/11/24,5東京6,南武特別(2勝クラス),,1,1,芝2400,芝,2400,良,2.0,1,1.9,34.2,0.0,56,7-6-6-7,2:23.3,ルメール,492(+4),晴,7.0,6.0,6.0,7.0
2026-07-19-01-10,202603020810,2026-07-19,福島,10,猪苗代特別,4,アロンズロッド,https://db.netkeiba.com/horse/2022104635/,2022104635,牡,4,58.0,戸崎圭,,,5,2025/10/12,4東京4,3歳以上1勝クラス,,4,4,芝2400,芝,2400,良,1.0,1,2.8,33.9,0.0,55,6-6-6-5,2:24.9,ルメール,488(+2),曇,6.0,6.0,6.0,5.0
2026-07-19-01-10,202603020810,2026-07-19,福島,10,猪苗代特別,4,アロンズロッド,https://db.netkeiba.com/horse/2022104635/,2022104635,牡,4,58.0,戸崎圭,,,6,2025/02/08,1東京3,3歳未勝利,,5,10,芝2400,芝,2400,良,1.0,1,2.4,34.6,-0.2,57,9-4-4-4,2:26.9,ルメール,486(-6),晴,9.0,4.0,4.0,4.0
2026-07-19-01-10,202603020810,2026-07-19,福島,10,猪苗代特別,4,アロンズロッド,https://db.netkeiba.com/horse/2022104635/,2022104635,牡,4,58.0,戸崎圭,,,7,2025/01/18,1中山6,3歳未勝利,,3,5,芝2000,芝,2000,良,3.0,1,1.8,35.1,0.5,57,7-7-8-6,2:00.7,ルメール,492(+12),晴,7.0,7.0,8.0,6.0
2026-07-19-01-10,202603020810,2026-07-19,福島,10,猪苗代特別,4,アロンズロッド,https://db.netkeiba.com/horse/2022104635/,2022104635,牡,4,58.0,戸崎圭,,,8,2024/11/23,5東京7,2歳未勝利,,4,5,芝1800,芝,1800,良,2.0,1,2.0,34.0,0.1,56,9-9-9,1:48.2,ルメール,480(-12),晴,9.0,9.0,9.0,9.0
2026-07-19-01-10,202603020810,2026-07-19,福島,10,猪苗代特別,4,アロンズロッド,https://db.netkeiba.com/horse/2022104635/,2022104635,牡,4,58.0,戸崎圭,,,9,2024/10/26,4東京7,2歳新馬,,4,4,芝1600,芝,1600,良,4.0,1,1.4,33.6,0.5,56,9-9,1:37.0,ルメール,492(0),曇,9.0,9.0,,9.0
2026-07-19-01-10,202603020810,2026-07-19,福島,10,猪苗代特別,5,バセリーナ,https://db.netkeiba.com/horse/2022106772/,2022106772,牡,4,58.0,野中,,,0,2026/07/19,2福島8,猪苗代特別(2勝クラス),,5,5,芝2000,芝,2000,良,6.0,9,87.1,35.6,1.0,58,9-8-8-8,2:01.2,野中悠太,466(+2),晴,9.0,8.0,8.0,8.0
2026-07-19-01-10,202603020810,2026-07-19,福島,10,猪苗代特別,5,バセリーナ,https://db.netkeiba.com/horse/2022106772/,2022106772,牡,4,58.0,野中,,,1,2026/07/05,2福島4,白河特別(2勝クラス),,7,9,芝1800,芝,1800,良,7.0,8,21.2,35.3,1.2,58,9-8-8-8,1:48.6,野中悠太,464(-6),曇,9.0,8.0,8.0,8.0
2026-07-19-01-10,202603020810,2026-07-19,福島,10,猪苗代特別,5,バセリーナ,https://db.netkeiba.com/horse/2022106772/,2022106772,牡,4,58.0,野中,,,2,2026/02/15,2京都6,春日特別(2勝クラス),,3,3,芝1800,芝,1800,良,7.0,10,232.1,34.4,1.2,57,8-8,1:47.4,国分優作,470(0),曇,8.0,8.0,,8.0
2026-07-19-01-10,202603020810,2026-07-19,福島,10,猪苗代特別,5,バセリーナ,https://db.netkeiba.com/horse/2022106772/,2022106772,牡,4,58.0,野中,,,3,2026/01/10,1中山3,初凪賞(2勝クラス),,3,5,芝1600,芝,1600,良,9.0,15,203.6,34.7,1.0,57,11-10-14,1:34.8,野中悠太,470(0),晴,11.0,10.0,14.0,14.0
2026-07-19-01-10,202603020810,2026-07-19,福島,10,猪苗代特別,5,バセリーナ,https://db.netkeiba.com/horse/2022106772/,2022106772,牡,4,58.0,野中,,,4,2025/12/14,5中山4,霞ヶ浦特別(2勝クラス),,1,1,芝1800,芝,1800,稍,11.0,11,74.7,36.3,1.2,57,9-10-11-11,1:50.0,石橋脩,470(+6),曇,9.0,10.0,11.0,11.0
2026-07-19-01-10,202603020810,2026-07-19,福島,10,猪苗代特別,5,バセリーナ,https://db.netkeiba.com/horse/2022106772/,2022106772,牡,4,58.0,野中,,,5,2025/11/08,3福島1,3歳以上1勝クラス,,4,7,芝1800,芝,1800,良,1.0,13,72.3,35.0,-0.3,53,8-8-6-6,1:46.0,舟山瑠泉,464(+20),晴,8.0,8.0,6.0,6.0
2026-07-19-01-10,202603020810,2026-07-19,福島,10,猪苗代特別,5,バセリーナ,https://db.netkeiba.com/horse/2022106772/,2022106772,牡,4,58.0,野中,,,6,2025/06/29,2福島2,3歳以上1勝クラス,,7,7,芝1800,芝,1800,良,6.0,6,33.5,34.6,0.8,52,6-6-7-6,1:49.1,石神深道,444(-4),晴,6.0,6.0,7.0,6.0
2026-07-19-01-10,202603020810,2026-07-19,福島,10,猪苗代特別,5,バセリーナ,https://db.netkeiba.com/horse/2022106772/,2022106772,牡,4,58.0,野中,,,7,2025/06/08,3東京2,3歳以上1勝クラス,,5,10,芝1600,芝,1600,良,16.0,13,216.5,34.6,1.6,55,14-14,1:35.1,野中悠太,448(+8),晴,14.0,14.0,,14.0
2026-07-19-01-10,202603020810,2026-07-19,福島,10,猪苗代特別,5,バセリーナ,https://db.netkeiba.com/horse/2022106772/,2022106772,牡,4,58.0,野中,,,8,2025/05/18,2東京8,3歳1勝クラス,,8,10,芝1600,芝,1600,良,4.0,9,221.2,34.7,1.2,57,8-8,1:34.4,野中悠太,440(-12),曇,8.0,8.0,,8.0
2026-07-19-01-10,202603020810,2026-07-19,福島,10,猪苗代特別,5,バセリーナ,https://db.netkeiba.com/horse/2022106772/,2022106772,牡,4,58.0,野中,,,9,2025/01/26,1中山9,若竹賞(1勝クラス),,7,8,芝1800,芝,1800,良,10.0,10,304.2,36.7,1.0,57,7-8-8-8,1:50.5,野中悠太,452(0),晴,7.0,8.0,8.0,8.0
2026-07-19-01-10,202603020810,2026-07-19,福島,10,猪苗代特別,5,バセリーナ,https://db.netkeiba.com/horse/2022106772/,2022106772,牡,4,58.0,野中,,,10,2025/01/05,1中山1,ジュニアC(L),,7,13,芝1600,芝,1600,良,9.0,14,307.0,34.5,1.2,57,13-13-12,1:34.7,丹内祐次,452(-2),曇,13.0,13.0,12.0,12.0
2026-07-19-01-10,202603020810,2026-07-19,福島,10,猪苗代特別,5,バセリーナ,https://db.netkeiba.com/horse/2022106772/,2022106772,牡,4,58.0,野中,,,11,2024/12/14,5中山5,ひいらぎ賞(1勝クラス),,8,12,芝1600,芝,1600,良,9.0,11,266.3,35.7,1.5,56,11-11-10,1:33.9,野中悠太,454(+16),晴,11.0,11.0,10.0,10.0
2026-07-19-01-10,202603020810,2026-07-19,福島,10,猪苗代特別,5,バセリーナ,https://db.netkeiba.com/horse/2022106772/,2022106772,牡,4,58.0,野中,,,12,2024/08/31,2札幌7,札幌2歳S(GIII),,6,7,芝1800,芝,1800,重,12.0,10,85.6,40.6,3.7,55,2-3-4-7,1:54.0,丹内祐次,438(-2),晴,2.0,3.0,4.0,7.0
2026-07-19-01-10,202603020810,2026-07-19,福島,10,猪苗代特別,5,バセリーナ,https://db.netkeiba.com/horse/2022106772/,2022106772,牡,4,58.0,野中,,,13,2024/08/18,2札幌4,クローバー賞(OP),,2,2,芝1500,芝,1500,良,3.0,5,28.4,35.3,0.7,55,4-3-2,1:29.3,丹内祐次,440(0),晴,4.0,3.0,2.0,2.0
2026-07-19-01-10,202603020810,2026-07-19,福島,10,猪苗代特別,5,バセリーナ,https://db.netkeiba.com/horse/2022106772/,2022106772,牡,4,58.0,野中,,,14,2024/07/06,2福島3,2歳未勝利,,4,4,芝1800,芝,1800,良,1.0,9,79.8,35.0,-0.1,55,5-5-5-3,1:51.2,野中悠太,440(-4),曇,5.0,5.0,5.0,3.0
2026-07-19-01-10,202603020810,2026-07-19,福島,10,猪苗代特別,5,バセリーナ,https://db.netkeiba.com/horse/2022106772/,2022106772,牡,4,58.0,野中,,,15,2024/06/23,3東京8,2歳未勝利,,6,6,芝1600,芝,1600,稍,10.0,9,97.5,36.6,1.8,55,10-10,1:37.6,オシェア,444(+8),曇,10.0,10.0,,10.0
2026-07-19-01-10,202603020810,2026-07-19,福島,10,猪苗代特別,5,バセリーナ,https://db.netkeiba.com/horse/2022106772/,2022106772,牡,4,58.0,野中,,,16,2024/06/01,3東京1,2歳新馬,,8,9,芝1600,芝,1600,良,4.0,7,44.5,34.5,0.6,55,6-6,1:38.2,オシェア,436(0),晴,6.0,6.0,,6.0
2026-07-19-01-10,202603020810,2026-07-19,福島,10,猪苗代特別,6,コスモイシュタル,https://db.netkeiba.com/horse/2022106825/,2022106825,牝,4,56.0,松岡,,,0,2026/07/19,2福島8,猪苗代特別(2勝クラス),,5,6,芝2000,芝,2000,良,3.0,4,4.9,35.3,0.4,56,4-3-4-4,2:00.6,松岡正海,444(+4),晴,4.0,3.0,4.0,4.0
2026-07-19-01-10,202603020810,2026-07-19,福島,10,猪苗代特別,6,コスモイシュタル,https://db.netkeiba.com/horse/2022106825/,2022106825,牝,4,56.0,松岡,,,1,2026/06/28,2福島2,松島特別(2勝クラス),,5,7,芝2000,芝,2000,良,3.0,4,7.9,35.0,0.3,56,5-5-5-6,1:57.7,松岡正海,440(-12),晴,5.0,5.0,5.0,6.0
2026-07-19-01-10,202603020810,2026-07-19,福島,10,猪苗代特別,6,コスモイシュタル,https://db.netkeiba.com/horse/2022106825/,2022106825,牝,4,56.0,松岡,,,2,2026/05/24,2東京10,国分寺特別(2勝クラス),,7,10,芝1800,芝,1800,良,3.0,4,10.0,34.4,0.2,54,3-2-3,1:46.3,松岡正海,452(+10),曇,3.0,2.0,3.0,3.0
2026-07-19-01-10,202603020810,2026-07-19,福島,10,猪苗代特別,6,コスモイシュタル,https://db.netkeiba.com/horse/2022106825/,2022106825,牝,4,56.0,松岡,,,3,2026/05/02,1新潟1,胎内川特別(2勝クラス),,5,8,芝1800,芝,1800,稍,3.0,4,6.8,34.7,0.0,56,7-7,1:47.7,武藤雅,442(+2),晴,7.0,7.0,,7.0
2026-07-19-01-10,202603020810,2026-07-19,福島,10,猪苗代特別,6,コスモイシュタル,https://db.netkeiba.com/horse/2022106825/,2022106825,牝,4,56.0,松岡,,,4,2026/04/12,1福島2,4歳以上1勝クラス,,6,11,芝2000,芝,2000,良,1.0,4,6.7,35.1,-0.3,54,4-4-4-4,1:58.9,舟山瑠泉,440(-4),晴,4.0,4.0,4.0,4.0
2026-07-19-01-10,202603020810,2026-07-19,福島,10,猪苗代特別,6,コスモイシュタル,https://db.netkeiba.com/horse/2022106825/,2022106825,牝,4,56.0,松岡,,,5,2026/03/22,1中京4,4歳以上1勝クラス,,8,17,芝2000,芝,2000,良,13.0,4,11.5,34.9,1.0,53,7-7-7-10,2:00.5,石神深道,444(+6),曇,7.0,7.0,7.0,10.0
2026-07-19-01-10,202603020810,2026-07-19,福島,10,猪苗代特別,6,コスモイシュタル,https://db.netkeiba.com/horse/2022106825/,2022106825,牝,4,56.0,松岡,,,6,2025/12/14,5中山4,3歳以上1勝クラス,,8,16,芝1800,芝,1800,稍,9.0,5,12.8,35.9,0.6,55,6-5-5-6,1:49.6,松岡正海,438(+4),曇,6.0,5.0,5.0,6.0
2026-07-19-01-10,202603020810,2026-07-19,福島,10,猪苗代特別,6,コスモイシュタル,https://db.netkeiba.com/horse/2022106825/,2022106825,牝,4,56.0,松岡,,,7,2025/11/22,3福島5,3歳以上1勝クラス,,5,10,芝2000,芝,2000,良,4.0,4,10.1,35.4,0.4,54,10-10-6-5,1:58.7,松岡正海,434(+4),晴,10.0,10.0,6.0,5.0
2026-07-19-01-10,202603020810,2026-07-19,福島,10,猪苗代特別,6,コスモイシュタル,https://db.netkeiba.com/horse/2022106825/,2022106825,牝,4,56.0,松岡,,,8,2025/10/18,4新潟1,岩船特別(1勝クラス),,5,9,芝2200,芝,2200,良,11.0,2,3.7,36.6,0.8,53,4-5-5-4,2:13.6,丹内祐次,430(-4),曇,4.0,5.0,5.0,4.0
2026-07-19-01-10,202603020810,2026-07-19,福島,10,猪苗代特別,6,コスモイシュタル,https://db.netkeiba.com/horse/2022106825/,2022106825,牝,4,56.0,松岡,,,9,2025/09/20,4中山6,3歳以上1勝クラス,,4,8,芝2000,芝,2000,良,4.0,1,2.9,34.7,0.3,53,8-8-6-5,2:00.8,津村明秀,434(+10),曇,8.0,8.0,6.0,5.0
2026-07-19-01-10,202603020810,2026-07-19,福島,10,猪苗代特別,6,コスモイシュタル,https://db.netkeiba.com/horse/2022106825/,2022106825,牝,4,56.0,松岡,,,10,2025/07/13,2福島6,織姫賞(1勝クラス),,1,1,芝1800,芝,1800,良,4.0,2,4.5,35.8,0.0,53,8-8-3-2,1:48.7,津村明秀,424(0),晴,8.0,8.0,3.0,2.0
2026-07-19-01-10,202603020810,2026-07-19,福島,10,猪苗代特別,6,コスモイシュタル,https://db.netkeiba.com/horse/2022106825/,2022106825,牝,4,56.0,松岡,,,11,2025/06/21,3東京5,3歳以上1勝クラス,,7,14,芝1800,芝,1800,良,4.0,6,19.0,34.9,0.4,53,3-3-3,1:46.8,津村明秀,424(0),晴,3.0,3.0,3.0,3.0
2026-07-19-01-10,202603020810,2026-07-19,福島,10,猪苗代特別,6,コスモイシュタル,https://db.netkeiba.com/horse/2022106825/,2022106825,牝,4,56.0,松岡,,,12,2025/05/24,2東京9,カーネーションC(1勝クラス),,1,1,芝1800,芝,1800,良,4.0,6,32.7,34.5,1.0,55,3-5-5,1:46.4,松岡正海,424(-2),曇,3.0,5.0,5.0,5.0
2026-07-19-01-10,202603020810,2026-07-19,福島,10,猪苗代特別,6,コスモイシュタル,https://db.netkeiba.com/horse/2022106825/,2022106825,牝,4,56.0,松岡,,,13,2025/02/02,1東京2,セントポーリア賞(1勝クラス),,2,2,芝1800,芝,1800,良,5.0,9,43.5,34.9,0.4,55,4-3-3,1:48.6,松岡正海,426(+6),小雨,4.0,3.0,3.0,3.0
2026-07-19-01-10,202603020810,2026-07-19,福島,10,猪苗代特別,6,コスモイシュタル,https://db.netkeiba.com/horse/2022106825/,2022106825,牝,4,56.0,松岡,,,14,2024/11/10,6京都4,黄菊賞(1勝クラス),,8,8,芝2000,芝,2000,良,3.0,8,100.2,34.8,0.8,55,2-2-2-2,2:00.8,石川裕紀,420(0),晴,2.0,2.0,2.0,2.0
2026-07-19-01-10,202603020810,2026-07-19,福島,10,猪苗代特別,6,コスモイシュタル,https://db.netkeiba.com/horse/2022106825/,2022106825,牝,4,56.0,松岡,,,15,2024/10/19,4東京5,アイビーS(L),,5,5,芝1800,芝,1800,良,6.0,8,116.9,34.1,1.8,55,6-7-7,1:47.6,松岡正海,420(+4),晴,6.0,7.0,7.0,7.0
2026-07-19-01-10,202603020810,2026-07-19,福島,10,猪苗代特別,6,コスモイシュタル,https://db.netkeiba.com/horse/2022106825/,2022106825,牝,4,56.0,松岡,,,16,2024/08/04,2新潟4,2歳未勝利,,5,5,芝2000,芝,2000,良,1.0,2,4.5,35.7,0.0,55,4-4-4-3,2:02.2,松岡正海,416(0),晴,4.0,4.0,4.0,3.0
2026-07-19-01-10,202603020810,2026-07-19,福島,10,猪苗代特別,6,コスモイシュタル,https://db.netkeiba.com/horse/2022106825/,2022106825,牝,4,56.0,松岡,,,17,2024/07/14,2福島6,2歳新馬,,3,3,芝1800,芝,1800,良,3.0,3,5.6,36.9,0.6,55,2-2-2-2,1:51.0,松岡正海,416(0),晴,2.0,2.0,2.0,2.0
2026-07-19-01-10,202603020810,2026-07-19,福島,10,猪苗代特別,7,ルールーリマ,https://db.netkeiba.com/horse/2022100781/,2022100781,牝,4,56.0,荻野極,,,0,2026/07/19,2福島8,猪苗代特別(2勝クラス),,6,7,芝2000,芝,2000,良,1.0,2,3.6,35.2,0.0,56,1-1-1-1,2:00.2,荻野極,422(-4),晴,1.0,1.0,1.0,1.0
2026-07-19-01-10,202603020810,2026-07-19,福島,10,猪苗代特別,7,ルールーリマ,https://db.netkeiba.com/horse/2022100781/,2022100781,牝,4,56.0,荻野極,,,1,2026/05/16,1新潟5,石打特別(1勝クラス),,6,12,芝1800,芝,1800,良,1.0,1,1.6,34.3,-0.2,56,6-5,1:46.9,ルメール,426(+2),晴,6.0,5.0,,5.0
2026-07-19-01-10,202603020810,2026-07-19,福島,10,猪苗代特別,7,ルールーリマ,https://db.netkeiba.com/horse/2022100781/,2022100781,牝,4,56.0,荻野極,,,2,2026/04/18,1福島3,桑折特別(1勝クラス),,2,2,芝2000,芝,2000,良,2.0,1,3.3,33.7,0.1,56,4-3-3-3,1:58.6,荻野極,424(0),晴,4.0,3.0,3.0,3.0
2026-07-19-01-10,202603020810,2026-07-19,福島,10,猪苗代特別,7,ルールーリマ,https://db.netkeiba.com/horse/2022100781/,2022100781,牝,4,56.0,荻野極,,,3,2026/03/21,1中京3,4歳以上1勝クラス,,5,6,芝2000,芝,2000,良,3.0,4,5.7,34.1,0.2,56,7-7-7-7,1:59.9,三浦皇成,424(0),晴,7.0,7.0,7.0,7.0
2026-07-19-01-10,202603020810,2026-07-19,福島,10,猪苗代特別,7,ルールーリマ,https://db.netkeiba.com/horse/2022100781/,2022100781,牝,4,56.0,荻野極,,,4,2026/02/22,1小倉10,4歳以上1勝クラス,,2,2,芝2000,芝,2000,良,5.0,1,4.0,35.4,0.2,55,14-14-12-9,2:00.3,藤岡佑介,424(+8),晴,14.0,14.0,12.0,9.0
2026-07-19-01-10,202603020810,2026-07-19,福島,10,猪苗代特別,7,ルールーリマ,https://db.netkeiba.com/horse/2022100781/,2022100781,牝,4,56.0,荻野極,,,5,2025/11/22,3福島5,高湯温泉特別(1勝クラス),,6,11,芝1800,芝,1800,良,4.0,3,5.0,34.5,0.2,54,6-6-4-3,1:48.7,三浦皇成,416(-2),晴,6.0,6.0,4.0,3.0
2026-07-19-01-10,202603020810,2026-07-19,福島,10,猪苗代特別,7,ルールーリマ,https://db.netkeiba.com/horse/2022100781/,2022100781,牝,4,56.0,荻野極,,,6,2025/09/20,4中山6,3歳以上1勝クラス,,3,5,芝2000,芝,2000,良,3.0,2,3.5,34.2,0.1,53,11-10-11-9,2:00.6,三浦皇成,418(+6),曇,11.0,10.0,11.0,9.0
2026-07-19-01-10,202603020810,2026-07-19,福島,10,猪苗代特別,7,ルールーリマ,https://db.netkeiba.com/horse/2022100781/,2022100781,牝,4,56.0,荻野極,,,7,2025/08/03,1札幌4,3歳以上1勝クラス,,7,8,芝2000,芝,2000,良,3.0,2,3.8,35.2,0.3,53,7-7-7-8,2:00.7,横山武史,412(-2),晴,7.0,7.0,7.0,8.0
2026-07-19-01-10,202603020810,2026-07-19,福島,10,猪苗代特別,7,ルールーリマ,https://db.netkeiba.com/horse/2022100781/,2022100781,牝,4,56.0,荻野極,,,8,2025/04/20,1福島4,3歳未勝利,,4,7,芝2000,芝,2000,良,1.0,1,1.7,34.4,-0.2,55,9-10-11-9,2:01.8,三浦皇成,414(-2),曇,9.0,10.0,11.0,9.0
2026-07-19-01-10,202603020810,2026-07-19,福島,10,猪苗代特別,7,ルールーリマ,https://db.netkeiba.com/horse/2022100781/,2022100781,牝,4,56.0,荻野極,,,9,2025/02/23,1東京8,3歳未勝利,,7,13,芝1800,芝,1800,良,6.0,4,7.3,33.4,0.3,55,11-11-11,1:48.7,丸田恭介,416(+8),晴,11.0,11.0,11.0,11.0
2026-07-19-01-10,202603020810,2026-07-19,福島,10,猪苗代特別,7,ルールーリマ,https://db.netkeiba.com/horse/2022100781/,2022100781,牝,4,56.0,荻野極,,,10,2024/12/08,5中山4,2歳未勝利,,5,5,芝1800,芝,1800,良,2.0,2,5.0,34.1,0.1,55,9-9-8-8,1:48.5,三浦皇成,408(-8),晴,9.0,9.0,8.0,8.0
2026-07-19-01-10,202603020810,2026-07-19,福島,10,猪苗代特別,7,ルールーリマ,https://db.netkeiba.com/horse/2022100781/,2022100781,牝,4,56.0,荻野極,,,11,2024/11/09,5東京3,2歳未勝利,,6,7,芝2000,芝,2000,良,4.0,3,7.7,33.9,0.4,55,8-9-7,2:02.9,佐々木大,416(+2),晴,8.0,9.0,7.0,7.0
2026-07-19-01-10,202603020810,2026-07-19,福島,10,猪苗代特別,7,ルールーリマ,https://db.netkeiba.com/horse/2022100781/,2022100781,牝,4,56.0,荻野極,,,12,2024/10/13,4東京3,2歳新馬,,7,12,芝1600,芝,1600,良,6.0,9,19.5,32.7,0.4,55,12-12,1:38.2,丸田恭介,414(0),晴,12.0,12.0,,12.0
2026-07-19-01-10,202603020810,2026-07-19,福島,10,猪苗代特別,8,レッセパッセ,https://db.netkeiba.com/horse/2021106826/,2021106826,牝,5,56.0,原,,,0,2026/07/19,2福島8,猪苗代特別(2勝クラス),,6,8,芝2000,芝,2000,良,8.0,8,34.9,35.6,1.3,56,12-11-12-10,2:01.5,原優介,398(+4),晴,12.0,11.0,12.0,10.0
2026-07-19-01-10,202603020810,2026-07-19,福島,10,猪苗代特別,8,レッセパッセ,https://db.netkeiba.com/horse/2021106826/,2021106826,牝,5,56.0,原,,,1,2026/06/28,2福島2,松島特別(2勝クラス),,3,4,芝2000,芝,2000,良,8.0,11,103.6,34.4,0.4,56,11-11-11-11,1:57.8,菊沢一樹,394(+4),晴,11.0,11.0,11.0,11.0
2026-07-19-01-10,202603020810,2026-07-19,福島,10,猪苗代特別,8,レッセパッセ,https://db.netkeiba.com/horse/2021106826/,2021106826,牝,5,56.0,原,,,2,2026/05/16,2東京7,調布特別(2勝クラス),,4,4,芝1800,芝,1800,良,8.0,9,89.7,33.3,0.7,56,9-7-8,1:46.7,原優介,390(+2),晴,9.0,7.0,8.0,8.0
2026-07-19-01-10,202603020810,2026-07-19,福島,10,猪苗代特別,8,レッセパッセ,https://db.netkeiba.com/horse/2021106826/,2021106826,牝,5,56.0,原,,,3,2026/04/19,3中山8,野島崎特別(2勝クラス),,4,4,芝2000,芝,2000,良,9.0,10,111.7,35.2,1.0,56,5-4-3-3,1:58.4,津村明秀,388(0),晴,5.0,4.0,3.0,3.0
2026-07-19-01-10,202603020810,2026-07-19,福島,10,猪苗代特別,8,レッセパッセ,https://db.netkeiba.com/horse/2021106826/,2021106826,牝,5,56.0,原,,,4,2026/03/21,2中山7,館山特別(2勝クラス),,2,3,芝1800,芝,1800,良,10.0,11,87.6,33.8,0.6,52,15-15-15-14,1:47.2,原優介,388(+2),晴,15.0,15.0,15.0,14.0
2026-07-19-01-10,202603020810,2026-07-19,福島,10,猪苗代特別,8,レッセパッセ,https://db.netkeiba.com/horse/2021106826/,2021106826,牝,5,56.0,原,,,5,2026/02/28,1小倉11,別府特別(2勝クラス),,8,15,芝2000,芝,2000,稍,5.0,13,67.2,36.1,0.5,56,13-13-13-14,2:01.4,菊沢一樹,386(-10),晴,13.0,13.0,13.0,14.0
2026-07-19-01-10,202603020810,2026-07-19,福島,10,猪苗代特別,8,レッセパッセ,https://db.netkeiba.com/horse/2021106826/,2021106826,牝,5,56.0,原,,,6,2026/01/05,1京都2,逢坂山特別(2勝クラス),,8,11,芝1800,芝,1800,良,7.0,8,34.7,36.6,1.0,56,2-2,1:47.8,ハマーハ,396(+6),晴,2.0,2.0,,2.0
2026-07-19-01-10,202603020810,2026-07-19,福島,10,猪苗代特別,8,レッセパッセ,https://db.netkeiba.com/horse/2021106826/,2021106826,牝,5,56.0,原,,,7,2025/12/13,5阪神3,3歳以上2勝クラス,,3,3,芝1800,芝,1800,良,6.0,10,162.1,33.5,0.6,56,9-9,1:45.1,和田竜二,390(0),晴,9.0,9.0,,9.0
2026-07-19-01-10,202603020810,2026-07-19,福島,10,猪苗代特別,8,レッセパッセ,https://db.netkeiba.com/horse/2021106826/,2021106826,牝,5,56.0,原,,,8,2025/11/24,3福島6,五色沼特別(2勝クラス),,2,4,芝1800,芝,1800,良,10.0,11,40.3,34.5,0.3,56,14-14-13-15,1:47.8,丹内祐次,390(-6),曇,14.0,14.0,13.0,15.0
2026-07-19-01-10,202603020810,2026-07-19,福島,10,猪苗代特別,8,レッセパッセ,https://db.netkeiba.com/horse/2021106826/,2021106826,牝,5,56.0,原,,,9,2025/08/09,1札幌5,藻岩山特別(2勝クラス),,7,8,芝2000,芝,2000,稍,7.0,8,84.7,35.4,1.2,56,5-5-6-8,2:04.3,丸山元気,396(+2),晴,5.0,5.0,6.0,8.0
2026-07-19-01-10,202603020810,2026-07-19,福島,10,猪苗代特別,8,レッセパッセ,https://db.netkeiba.com/horse/2021106826/,2021106826,牝,5,56.0,原,,,10,2025/08/02,1札幌3,釧路湿原特別(2勝クラス),,3,3,芝1800,芝,1800,良,13.0,11,46.8,36.1,1.4,56,12-11-9-12,1:48.5,斎藤新,394(+6),晴,12.0,11.0,9.0,12.0
2026-07-19-01-10,202603020810,2026-07-19,福島,10,猪苗代特別,8,レッセパッセ,https://db.netkeiba.com/horse/2021106826/,2021106826,牝,5,56.0,原,,,11,2025/07/19,1函館11,かもめ島特別(2勝クラス),,8,13,芝1800,芝,1800,良,7.0,13,103.4,34.0,0.7,56,12-12-12-12,1:47.4,斎藤新,388(-2),晴,12.0,12.0,12.0,12.0
2026-07-19-01-10,202603020810,2026-07-19,福島,10,猪苗代特別,8,レッセパッセ,https://db.netkeiba.com/horse/2021106826/,2021106826,牝,5,56.0,原,,,12,2025/06/28,1函館5,洞爺湖特別(2勝クラス),,7,13,芝2000,芝,2000,良,12.0,9,34.1,36.0,1.0,56,3-3-3-3,2:00.4,松若風馬,390(+4),晴,3.0,3.0,3.0,3.0
2026-07-19-01-10,202603020810,2026-07-19,福島,10,猪苗代特別,8,レッセパッセ,https://db.netkeiba.com/horse/2021106826/,2021106826,牝,5,56.0,原,,,13,2025/03/30,2阪神2,四国新聞杯(2勝クラス),,3,3,芝2000,芝,2000,良,9.0,7,26.6,36.5,1.2,56,5-5-7-8,2:02.2,田口貫太,386(0),曇,5.0,5.0,7.0,8.0
2026-07-19-01-10,202603020810,2026-07-19,福島,10,猪苗代特別,8,レッセパッセ,https://db.netkeiba.com/horse/2021106826/,2021106826,牝,5,56.0,原,,,14,2025/03/02,2中山2,富里特別(2勝クラス),,8,11,芝1800,芝,1800,良,8.0,9,51.8,34.0,0.3,56,6-6-5-5,1:49.1,津村明秀,386(-2),晴,6.0,6.0,5.0,5.0
2026-07-19-01-10,202603020810,2026-07-19,福島,10,猪苗代特別,8,レッセパッセ,https://db.netkeiba.com/horse/2021106826/,2021106826,牝,5,56.0,原,,,15,2025/02/15,1小倉7,太宰府特別(2勝クラス),,8,14,芝2000,芝,2000,良,6.0,3,9.2,35.9,0.6,55,5-5-5-8,2:00.3,丹内祐次,388(+2),曇,5.0,5.0,5.0,8.0
2026-07-19-01-10,202603020810,2026-07-19,福島,10,猪苗代特別,8,レッセパッセ,https://db.netkeiba.com/horse/2021106826/,2021106826,牝,5,56.0,原,,,16,2024/11/10,3福島4,3歳以上1勝クラス,,3,5,芝1800,芝,1800,良,1.0,2,4.0,36.3,-0.1,54,4-4-3-3,1:48.7,丹内祐次,386(-4),晴,4.0,4.0,3.0,3.0
2026-07-19-01-10,202603020810,2026-07-19,福島,10,猪苗代特別,8,レッセパッセ,https://db.netkeiba.com/horse/2021106826/,2021106826,牝,5,56.0,原,,,17,2024/10/14,4新潟4,3歳以上1勝クラス,,6,11,芝1800,芝,1800,良,2.0,8,13.3,34.8,0.1,54,9-6,1:46.6,幸英明,390(+4),晴,9.0,6.0,,6.0
2026-07-19-01-10,202603020810,2026-07-19,福島,10,猪苗代特別,8,レッセパッセ,https://db.netkeiba.com/horse/2021106826/,2021106826,牝,5,56.0,原,,,18,2024/09/21,3中京6,3歳以上1勝クラス,,6,11,芝2000,芝,2000,良,4.0,6,25.6,34.5,0.6,53,10-10-11-10,2:01.0,幸英明,386(+16),晴,10.0,10.0,11.0,10.0
2026-07-19-01-10,202603020810,2026-07-19,福島,10,猪苗代特別,8,レッセパッセ,https://db.netkeiba.com/horse/2021106826/,2021106826,牝,5,56.0,原,,,19,2024/07/06,3小倉3,若戸大橋特別(1勝クラス),,1,1,芝2000,芝,2000,良,4.0,7,18.6,36.0,0.7,53,2-2-1-2,2:00.0,和田竜二,370(-4),晴,2.0,2.0,1.0,2.0
2026-07-19-01-10,202603020810,2026-07-19,福島,10,猪苗代特別,8,レッセパッセ,https://db.netkeiba.com/horse/2021106826/,2021106826,牝,5,56.0,原,,,20,2024/06/15,4京都5,3歳以上1勝クラス,,4,4,芝1800,芝,1800,良,5.0,6,23.6,34.3,1.1,53,5-6,1:45.5,和田竜二,374(+6),晴,5.0,6.0,,6.0
2026-07-19-01-10,202603020810,2026-07-19,福島,10,猪苗代特別,8,レッセパッセ,https://db.netkeiba.com/horse/2021106826/,2021106826,牝,5,56.0,原,,,21,2024/05/18,2東京9,カーネーションC(1勝クラス),,4,4,芝1800,芝,1800,良,4.0,11,113.5,34.3,0.6,55,4-7-7,1:47.4,津村明秀,368(0),晴,4.0,7.0,7.0,7.0
2026-07-19-01-10,202603020810,2026-07-19,福島,10,猪苗代特別,8,レッセパッセ,https://db.netkeiba.com/horse/2021106826/,2021106826,牝,5,56.0,原,,,22,2024/04/27,3京都3,矢車賞(1勝クラス),,6,7,芝2200,芝,2200,良,6.0,5,8.2,36.0,0.9,55,6-6-5-4,2:13.7,戸崎圭太,368(-4),曇,6.0,6.0,5.0,4.0
2026-07-19-01-10,202603020810,2026-07-19,福島,10,猪苗代特別,8,レッセパッセ,https://db.netkeiba.com/horse/2021106826/,2021106826,牝,5,56.0,原,,,23,2024/02/03,1小倉7,3歳未勝利,,7,12,芝2000,芝,2000,良,1.0,3,5.0,36.6,-0.5,55,5-6-6-4,2:03.7,丹内祐次,372(0),曇,5.0,6.0,6.0,4.0
2026-07-19-01-10,202603020810,2026-07-19,福島,10,猪苗代特別,8,レッセパッセ,https://db.netkeiba.com/horse/2021106826/,2021106826,牝,5,56.0,原,,,24,2024/01/14,1小倉2,3歳未勝利,,1,1,芝1800,芝,1800,良,5.0,4,8.2,35.8,0.7,55,11-10-12-7,1:48.8,丹内祐次,372(0),晴,11.0,10.0,12.0,7.0
2026-07-19-01-10,202603020810,2026-07-19,福島,10,猪苗代特別,8,レッセパッセ,https://db.netkeiba.com/horse/2021106826/,2021106826,牝,5,56.0,原,,,25,2023/12/17,5阪神6,2歳未勝利,,4,8,芝1800,芝,1800,稍,5.0,7,15.6,35.7,1.1,55,8-8,1:49.2,横山武史,372(-4),晴,8.0,8.0,,8.0
2026-07-19-01-10,202603020810,2026-07-19,福島,10,猪苗代特別,8,レッセパッセ,https://db.netkeiba.com/horse/2021106826/,2021106826,牝,5,56.0,原,,,26,2023/11/26,3京都8,2歳新馬,,5,8,芝1800,芝,1800,良,3.0,5,12.2,35.1,0.2,55,5-5,1:48.3,横山武史,376(0),晴,5.0,5.0,,5.0
2026-07-19-01-10,202603020810,2026-07-19,福島,10,猪苗代特別,9,ヤマニンガラッシア,https://db.netkeiba.com/horse/2017101772/,2017101772,牡,9,58.0,木幡巧,,,0,2026/07/19,2福島8,猪苗代特別(2勝クラス),,7,9,芝2000,芝,2000,良,9.0,5,20.0,36.7,1.6,58,3-3-2-2,2:01.8,木幡巧也,450(+4),晴,3.0,3.0,2.0,2.0
2026-07-19-01-10,202603020810,2026-07-19,福島,10,猪苗代特別,9,ヤマニンガラッシア,https://db.netkeiba.com/horse/2017101772/,2017101772,牡,9,58.0,木幡巧,,,1,2026/06/07,3阪神2,三木特別(2勝クラス),,8,8,芝1800,芝,1800,稍,4.0,3,7.9,34.5,0.3,58,2-2,1:48.0,坂井瑠星,446(-4),雨,2.0,2.0,,2.0
2026-07-19-01-10,202603020810,2026-07-19,福島,10,猪苗代特別,9,ヤマニンガラッシア,https://db.netkeiba.com/horse/2017101772/,2017101772,牡,9,58.0,木幡巧,,,2,2026/04/12,3中山6,4歳以上2勝クラス,,4,4,芝1800,芝,1800,良,2.0,9,38.6,34.3,0.1,58,1-1-1-1,1:47.5,木幡巧也,450(+2),晴,1.0,1.0,1.0,1.0
2026-07-19-01-10,202603020810,2026-07-19,福島,10,猪苗代特別,9,ヤマニンガラッシア,https://db.netkeiba.com/horse/2017101772/,2017101772,牡,9,58.0,木幡巧,,,3,2026/02/08,1小倉6,由布院特別(2勝クラス),,8,16,ダ1700,ダ,1700,良,15.0,12,45.3,41.5,3.6,58,7-7-9-15,1:50.2,横山琉人,448(-6),曇,7.0,7.0,9.0,15.0
2026-07-19-01-10,202603020810,2026-07-19,福島,10,猪苗代特別,9,ヤマニンガラッシア,https://db.netkeiba.com/horse/2017101772/,2017101772,牡,9,58.0,木幡巧,,,4,2025/12/14,5中山4,霞ヶ浦特別(2勝クラス),,4,4,芝1800,芝,1800,稍,7.0,9,44.7,36.0,0.6,58,5-5-7-6,1:49.4,菅原明良,454(0),曇,5.0,5.0,7.0,6.0
2026-07-19-01-10,202603020810,2026-07-19,福島,10,猪苗代特別,9,ヤマニンガラッシア,https://db.netkeiba.com/horse/2017101772/,2017101772,牡,9,58.0,木幡巧,,,5,2025/07/06,2福島4,白河特別(2勝クラス),,5,10,芝1800,芝,1800,良,8.0,5,15.3,36.5,1.0,58,7-6-4-4,1:49.2,大野拓弥,454(-6),晴,7.0,6.0,4.0,4.0
2026-07-19-01-10,202603020810,2026-07-19,福島,10,猪苗代特別,9,ヤマニンガラッシア,https://db.netkeiba.com/horse/2017101772/,2017101772,牡,9,58.0,木幡巧,,,6,2025/04/26,2東京1,石和特別(2勝クラス),,1,1,芝1800,芝,1800,良,4.0,6,14.8,34.2,0.5,58,3-3-3,1:46.3,大野拓弥,460(+2),曇,3.0,3.0,3.0,3.0
2026-07-19-01-10,202603020810,2026-07-19,福島,10,猪苗代特別,9,ヤマニンガラッシア,https://db.netkeiba.com/horse/2017101772/,2017101772,牡,9,58.0,木幡巧,,,7,2025/04/13,3中山6,鹿野山特別(2勝クラス),,7,7,芝2000,芝,2000,良,3.0,6,9.9,34.8,0.2,58,3-3-3-2,2:02.0,大野拓弥,458(-2),雨,3.0,3.0,3.0,2.0
2026-07-19-01-10,202603020810,2026-07-19,福島,10,猪苗代特別,9,ヤマニンガラッシア,https://db.netkeiba.com/horse/2017101772/,2017101772,牡,9,58.0,木幡巧,,,8,2025/03/02,2中山2,富里特別(2勝クラス),,3,3,芝1800,芝,1800,良,3.0,5,21.6,34.1,0.0,58,2-3-3-3,1:48.8,大野拓弥,460(-4),晴,2.0,3.0,3.0,3.0
2026-07-19-01-10,202603020810,2026-07-19,福島,10,猪苗代特別,9,ヤマニンガラッシア,https://db.netkeiba.com/horse/2017101772/,2017101772,牡,9,58.0,木幡巧,,,9,2025/01/25,1中山8,東雲賞(2勝クラス),,1,1,芝1600,芝,1600,良,5.0,5,10.8,34.3,0.4,58,6-5-6,1:35.5,大野拓弥,464(+10),曇,6.0,5.0,6.0,6.0
2026-07-19-01-10,202603020810,2026-07-19,福島,10,猪苗代特別,9,ヤマニンガラッシア,https://db.netkeiba.com/horse/2017101772/,2017101772,牡,9,58.0,木幡巧,,,10,2024/08/24,3新潟5,五頭連峰特別(2勝クラス),,1,1,芝1600,芝,1600,良,3.0,7,24.2,34.1,0.1,58,3-3,1:34.1,石川裕紀,454(-2),晴,3.0,3.0,,3.0
2026-07-19-01-10,202603020810,2026-07-19,福島,10,猪苗代特別,9,ヤマニンガラッシア,https://db.netkeiba.com/horse/2017101772/,2017101772,牡,9,58.0,木幡巧,,,11,2024/06/23,3東京8,八ヶ岳特別(2勝クラス),,1,1,芝1800,芝,1800,稍,2.0,7,31.8,34.8,0.1,58,1-1-1,1:46.9,石川裕紀,456(0),曇,1.0,1.0,1.0,1.0
2026-07-19-01-10,202603020810,2026-07-19,福島,10,猪苗代特別,9,ヤマニンガラッシア,https://db.netkeiba.com/horse/2017101772/,2017101772,牡,9,58.0,木幡巧,,,12,2024/05/19,2東京10,調布特別(2勝クラス),,1,1,芝1800,芝,1800,良,3.0,9,105.9,33.9,0.2,58,2-2-3,1:47.1,大野拓弥,456(-4),曇,2.0,2.0,3.0,3.0
2026-07-19-01-10,202603020810,2026-07-19,福島,10,猪苗代特別,9,ヤマニンガラッシア,https://db.netkeiba.com/horse/2017101772/,2017101772,牡,9,58.0,木幡巧,,,13,2023/09/30,4中山8,障害3歳以上未勝利,,4,6,障2880,障,2880,良,,5,9.8,,,60,5-12,,石神深一,460(+8),曇,5.0,12.0,,12.0
2026-07-19-01-10,202603020810,2026-07-19,福島,10,猪苗代特別,9,ヤマニンガラッシア,https://db.netkeiba.com/horse/2017101772/,2017101772,牡,9,58.0,木幡巧,,,14,2023/07/23,2福島8,白河特別(2勝クラス),,4,6,芝1800,芝,1800,良,10.0,4,6.5,36.0,0.8,58,6-5-5-6,1:49.9,戸崎圭太,452(+2),晴,6.0,5.0,5.0,6.0
2026-07-19-01-10,202603020810,2026-07-19,福島,10,猪苗代特別,9,ヤマニンガラッシア,https://db.netkeiba.com/horse/2017101772/,2017101772,牡,9,58.0,木幡巧,,,15,2023/07/08,2福島3,猪苗代特別(2勝クラス),,7,10,芝2000,芝,2000,良,7.0,2,4.7,36.5,0.8,58,2-3-3-2,2:01.9,菅原明良,450(-2),曇,2.0,3.0,3.0,2.0
2026-07-19-01-10,202603020810,2026-07-19,福島,10,猪苗代特別,9,ヤマニンガラッシア,https://db.netkeiba.com/horse/2017101772/,2017101772,牡,9,58.0,木幡巧,,,16,2023/04/09,3中山6,鹿野山特別(2勝クラス),,6,6,芝2000,芝,2000,良,3.0,3,8.2,36.8,0.8,58,2-2-2-1,2:00.5,菅原明良,452(0),晴,2.0,2.0,2.0,1.0
2026-07-19-01-10,202603020810,2026-07-19,福島,10,猪苗代特別,9,ヤマニンガラッシア,https://db.netkeiba.com/horse/2017101772/,2017101772,牡,9,58.0,木幡巧,,,17,2023/02/25,2中山1,富里特別(2勝クラス),,7,8,芝1800,芝,1800,良,3.0,6,25.6,35.2,0.0,58,2-2-2-2,1:47.8,菅原明良,452(-4),曇,2.0,2.0,2.0,2.0
2026-07-19-01-10,202603020810,2026-07-19,福島,10,猪苗代特別,9,ヤマニンガラッシア,https://db.netkeiba.com/horse/2017101772/,2017101772,牡,9,58.0,木幡巧,,,18,2023/01/21,1中山7,東雲賞(2勝クラス),,8,9,芝1800,芝,1800,稍,7.0,4,9.0,35.8,0.4,56,5-4-5-4,1:49.3,戸崎圭太,456(+6),晴,5.0,4.0,5.0,4.0
2026-07-19-01-10,202603020810,2026-07-19,福島,10,猪苗代特別,9,ヤマニンガラッシア,https://db.netkeiba.com/horse/2017101772/,2017101772,牡,9,58.0,木幡巧,,,19,2022/11/27,5東京8,オリエンタル賞(2勝クラス),,3,5,芝2000,芝,2000,良,6.0,10,66.7,33.7,0.5,55,6-5-5,1:59.4,ギュイヨ,450(+2),晴,6.0,5.0,5.0,5.0
2026-07-19-01-10,202603020810,2026-07-19,福島,10,猪苗代特別,9,ヤマニンガラッシア,https://db.netkeiba.com/horse/2017101772/,2017101772,牡,9,58.0,木幡巧,,,20,2022/10/02,4中山9,茨城新聞杯(2勝クラス),,7,11,芝1800,芝,1800,良,3.0,6,17.4,35.0,0.5,57,6-6-6-4,1:48.6,岩田康誠,448(+2),晴,6.0,6.0,6.0,4.0
2026-07-19-01-10,202603020810,2026-07-19,福島,10,猪苗代特別,9,ヤマニンガラッシア,https://db.netkeiba.com/horse/2017101772/,2017101772,牡,9,58.0,木幡巧,,,21,2022/09/11,4中山2,白井特別(2勝クラス),,8,9,芝1800,芝,1800,良,4.0,7,40.6,34.5,0.5,57,9-9-9-8,1:48.3,岩田康誠,446(-2),晴,9.0,9.0,9.0,8.0
2026-07-19-01-10,202603020810,2026-07-19,福島,10,猪苗代特別,9,ヤマニンガラッシア,https://db.netkeiba.com/horse/2017101772/,2017101772,牡,9,58.0,木幡巧,,,22,2022/07/30,2新潟1,豊栄特別(2勝クラス),,7,13,芝1600,芝,1600,良,8.0,13,102.2,34.1,1.0,54,7-7,1:32.7,ホー,448(+2),晴,7.0,7.0,,7.0
2026-07-19-01-10,202603020810,2026-07-19,福島,10,猪苗代特別,9,ヤマニンガラッシア,https://db.netkeiba.com/horse/2017101772/,2017101772,牡,9,58.0,木幡巧,,,23,2022/07/09,2福島3,須賀川特別(1勝クラス),,4,4,芝1200,芝,1200,良,1.0,2,4.2,34.9,-0.1,57,5-4,1:09.2,戸崎圭太,446(-4),曇,5.0,4.0,,4.0
2026-07-19-01-10,202603020810,2026-07-19,福島,10,猪苗代特別,9,ヤマニンガラッシア,https://db.netkeiba.com/horse/2017101772/,2017101772,牡,9,58.0,木幡巧,,,24,2022/05/21,1新潟5,栃尾特別(1勝クラス),,8,13,芝1200,芝,1200,良,4.0,1,3.1,33.9,0.5,57,7-7,1:10.2,亀田温心,450(0),曇,7.0,7.0,,7.0
2026-07-19-01-10,202603020810,2026-07-19,福島,10,猪苗代特別,9,ヤマニンガラッシア,https://db.netkeiba.com/horse/2017101772/,2017101772,牡,9,58.0,木幡巧,,,25,2022/04/30,1福島5,浄土平特別(1勝クラス),,7,8,芝1200,芝,1200,稍,2.0,6,9.9,34.4,0.0,57,7-4,1:10.1,亀田温心,450(-2),晴,7.0,4.0,,4.0
2026-07-19-01-10,202603020810,2026-07-19,福島,10,猪苗代特別,9,ヤマニンガラッシア,https://db.netkeiba.com/horse/2017101772/,2017101772,牡,9,58.0,木幡巧,,,26,2022/01/23,1小倉4,八幡特別(1勝クラス),,3,5,芝1200,芝,1200,重,3.0,4,8.1,35.8,0.1,57,10-8,1:10.3,亀田温心,452(+6),雨,10.0,8.0,,8.0
2026-07-19-01-10,202603020810,2026-07-19,福島,10,猪苗代特別,9,ヤマニンガラッシア,https://db.netkeiba.com/horse/2017101772/,2017101772,牡,9,58.0,木幡巧,,,27,2021/11/13,2福島3,3歳以上1勝クラス,,7,13,芝1200,芝,1200,良,3.0,8,22.9,34.6,0.4,56,10-10,1:10.1,木幡育也,446(0),晴,10.0,10.0,,10.0
2026-07-19-01-10,202603020810,2026-07-19,福島,10,猪苗代特別,9,ヤマニンガラッシア,https://db.netkeiba.com/horse/2017101772/,2017101772,牡,9,58.0,木幡巧,,,28,2021/11/06,2福島1,飯坂温泉特別(1勝クラス),,2,3,芝1200,芝,1200,良,10.0,6,13.6,34.4,0.7,57,14-13,1:09.5,伊藤工真,446(-2),晴,14.0,13.0,,13.0
2026-07-19-01-10,202603020810,2026-07-19,福島,10,猪苗代特別,9,ヤマニンガラッシア,https://db.netkeiba.com/horse/2017101772/,2017101772,牡,9,58.0,木幡巧,,,29,2021/09/19,4中山4,3歳以上1勝クラス,,6,11,芝1200,芝,1200,良,4.0,12,47.5,34.5,0.4,57,10-10,1:08.7,津村明秀,448(0),晴,10.0,10.0,,10.0
2026-07-19-01-10,202603020810,2026-07-19,福島,10,猪苗代特別,9,ヤマニンガラッシア,https://db.netkeiba.com/horse/2017101772/,2017101772,牡,9,58.0,木幡巧,,,30,2021/07/04,1福島2,3歳以上1勝クラス,,8,16,芝1200,芝,1200,良,10.0,11,43.6,34.6,1.3,57,15-15,1:09.8,江田照男,448(+8),小雨,15.0,15.0,,15.0
2026-07-19-01-10,202603020810,2026-07-19,福島,10,猪苗代特別,9,ヤマニンガラッシア,https://db.netkeiba.com/horse/2017101772/,2017101772,牡,9,58.0,木幡巧,,,31,2021/05/09,2東京6,4歳以上1勝クラス,,4,8,芝1400,芝,1400,良,10.0,12,49.6,35.4,0.7,54,5-5,1:21.6,永野猛蔵,440(+6),晴,5.0,5.0,,5.0
2026-07-19-01-10,202603020810,2026-07-19,福島,10,猪苗代特別,9,ヤマニンガラッシア,https://db.netkeiba.com/horse/2017101772/,2017101772,牡,9,58.0,木幡巧,,,32,2021/03/27,2中京5,4歳以上1勝クラス,,2,3,芝1400,芝,1400,良,12.0,12,73.5,36.3,0.8,57,6-6,1:22.2,菱田裕二,434(-10),晴,6.0,6.0,,6.0
2026-07-19-01-10,202603020810,2026-07-19,福島,10,猪苗代特別,9,ヤマニンガラッシア,https://db.netkeiba.com/horse/2017101772/,2017101772,牡,9,58.0,木幡巧,,,33,2020/12/08,水沢,C2四組,,1,1,ダ1400,ダ,1400,稍,1.0,2,4.1,39.2,-0.1,56,1-1-1-1,1:29.8,山本聡哉,444(-3),曇,1.0,1.0,1.0,1.0
2026-07-19-01-10,202603020810,2026-07-19,福島,10,猪苗代特別,9,ヤマニンガラッシア,https://db.netkeiba.com/horse/2017101772/,2017101772,牡,9,58.0,木幡巧,,,34,2020/11/30,水沢,C2四組,,2,2,ダ1400,ダ,1400,重,4.0,2,3.0,40.9,1.1,56,1-1-1-1,1:30.7,山本聡哉,447(-2),晴,1.0,1.0,1.0,1.0
2026-07-19-01-10,202603020810,2026-07-19,福島,10,猪苗代特別,9,ヤマニンガラッシア,https://db.netkeiba.com/horse/2017101772/,2017101772,牡,9,58.0,木幡巧,,,35,2020/11/07,盛岡,C2九組,,3,3,ダ1200,ダ,1200,稍,1.0,1,1.1,36.5,-0.8,56,1-1,1:13.1,山本聡哉,449(+2),曇,1.0,1.0,,1.0
2026-07-19-01-10,202603020810,2026-07-19,福島,10,猪苗代特別,9,ヤマニンガラッシア,https://db.netkeiba.com/horse/2017101772/,2017101772,牡,9,58.0,木幡巧,,,36,2020/10/17,盛岡,C2十一組,,3,3,ダ1200,ダ,1200,良,1.0,1,1.5,37.5,-1.3,56,1-1,1:14.7,山本聡哉,447(+27),曇,1.0,1.0,,1.0
2026-07-19-01-10,202603020810,2026-07-19,福島,10,猪苗代特別,9,ヤマニンガラッシア,https://db.netkeiba.com/horse/2017101772/,2017101772,牡,9,58.0,木幡巧,,,37,2020/09/06,3新潟8,3歳未勝利,,4,8,芝1600,芝,1600,良,8.0,9,24.5,34.2,1.2,54,10-10,1:35.9,菅原明良,420(-2),晴,10.0,10.0,,10.0
2026-07-19-01-10,202603020810,2026-07-19,福島,10,猪苗代特別,9,ヤマニンガラッシア,https://db.netkeiba.com/horse/2017101772/,2017101772,牡,9,58.0,木幡巧,,,38,2020/08/22,3新潟3,3歳未勝利,,7,13,芝1600,芝,1600,良,7.0,3,9.0,35.2,1.1,56,13-12,1:36.3,戸崎圭太,422(+6),晴,13.0,12.0,,12.0
2026-07-19-01-10,202603020810,2026-07-19,福島,10,猪苗代特別,9,ヤマニンガラッシア,https://db.netkeiba.com/horse/2017101772/,2017101772,牡,9,58.0,木幡巧,,,39,2020/07/18,2福島5,3歳未勝利,,3,6,芝1200,芝,1200,稍,6.0,5,12.3,35.8,0.7,56,14-12,1:11.1,戸崎圭太,416(-4),曇,14.0,12.0,,12.0
2026-07-19-01-10,202603020810,2026-07-19,福島,10,猪苗代特別,9,ヤマニンガラッシア,https://db.netkeiba.com/horse/2017101772/,2017101772,牡,9,58.0,木幡巧,,,40,2020/04/11,1福島1,3歳未勝利,,7,14,芝1200,芝,1200,良,8.0,9,40.2,35.2,0.8,56,12-13,1:10.3,黛弘人,420(0),晴,12.0,13.0,,13.0
2026-07-19-01-10,202603020810,2026-07-19,福島,10,猪苗代特別,10,クラヴァンス,https://db.netkeiba.com/horse/2022104669/,2022104669,牡,4,58.0,坂井,,,0,2026/07/19,2福島8,猪苗代特別(2勝クラス),,7,10,芝2000,芝,2000,良,4.0,3,4.5,35.5,0.4,58,2-2-2-2,2:00.6,坂井瑠星,490(+4),晴,2.0,2.0,2.0,2.0
2026-07-19-01-10,202603020810,2026-07-19,福島,10,猪苗代特別,10,クラヴァンス,https://db.netkeiba.com/horse/2022104669/,2022104669,牡,4,58.0,坂井,,,1,2026/05/09,3京都5,鴨川特別(2勝クラス),,1,1,芝2000,芝,2000,良,4.0,4,6.0,34.8,0.6,58,2-2-3-3,1:58.8,坂井瑠星,486(+10),晴,2.0,2.0,3.0,3.0
2026-07-19-01-10,202603020810,2026-07-19,福島,10,猪苗代特別,10,クラヴァンス,https://db.netkeiba.com/horse/2022104669/,2022104669,牡,4,58.0,坂井,,,2,2026/02/28,1小倉11,別府特別(2勝クラス),,8,14,芝2000,芝,2000,稍,14.0,3,5.2,37.9,1.6,57,2-2-2-2,2:02.5,西塚洸二,476(-4),晴,2.0,2.0,2.0,2.0
2026-07-19-01-10,202603020810,2026-07-19,福島,10,猪苗代特別,10,クラヴァンス,https://db.netkeiba.com/horse/2022104669/,2022104669,牡,4,58.0,坂井,,,3,2026/02/01,1小倉4,4歳以上1勝クラス,,7,10,芝1800,芝,1800,良,1.0,5,13.5,34.1,0.0,56,3-2-2-2,1:45.9,西塚洸二,480(+4),曇,3.0,2.0,2.0,2.0
2026-07-19-01-10,202603020810,2026-07-19,福島,10,猪苗代特別,10,クラヴァンス,https://db.netkeiba.com/horse/2022104669/,2022104669,牡,4,58.0,坂井,,,4,2025/12/21,5阪神6,3歳以上1勝クラス,,8,18,芝2200,芝,2200,重,8.0,9,26.7,37.4,1.2,56,1-1-1-1,2:13.9,北村友一,476(+4),雨,1.0,1.0,1.0,1.0
2026-07-19-01-10,202603020810,2026-07-19,福島,10,猪苗代特別,10,クラヴァンス,https://db.netkeiba.com/horse/2022104669/,2022104669,牡,4,58.0,坂井,,,5,2025/08/10,3中京6,3歳未勝利,,8,13,芝2000,芝,2000,良,1.0,1,3.9,34.2,-0.1,57,1-1-1-1,2:01.9,北村友一,472(-2),曇,1.0,1.0,1.0,1.0
2026-07-19-01-10,202603020810,2026-07-19,福島,10,猪苗代特別,10,クラヴァンス,https://db.netkeiba.com/horse/2022104669/,2022104669,牡,4,58.0,坂井,,,6,2025/07/20,2小倉8,3歳未勝利,,6,11,芝2000,芝,2000,良,2.0,7,12.8,36.9,0.1,57,1-1-1-1,2:03.3,北村友一,474(0),晴,1.0,1.0,1.0,1.0
2026-07-19-01-10,202603020810,2026-07-19,福島,10,猪苗代特別,10,クラヴァンス,https://db.netkeiba.com/horse/2022104669/,2022104669,牡,4,58.0,坂井,,,7,2025/06/28,2小倉1,3歳未勝利,,4,8,芝1800,芝,1800,良,6.0,5,13.9,36.4,1.0,57,12-12-11-7,1:48.2,Ｍ．デム,474(+6),晴,12.0,12.0,11.0,7.0
2026-07-19-01-10,202603020810,2026-07-19,福島,10,猪苗代特別,10,クラヴァンス,https://db.netkeiba.com/horse/2022104669/,2022104669,牡,4,58.0,坂井,,,8,2025/03/02,1阪神2,3歳未勝利,,3,5,芝2000,芝,2000,良,8.0,3,5.9,35.8,1.1,57,11-10-10-10,2:02.2,武豊,468(-4),小雨,11.0,10.0,10.0,10.0
2026-07-19-01-10,202603020810,2026-07-19,福島,10,猪苗代特別,10,クラヴァンス,https://db.netkeiba.com/horse/2022104669/,2022104669,牡,4,58.0,坂井,,,9,2024/12/15,7京都6,2歳新馬,,7,11,芝1600,芝,1600,良,8.0,2,3.5,34.8,1.0,56,10-9,1:38.6,ムーア,472(0),晴,10.0,9.0,,9.0
2026-07-19-01-10,202603020810,2026-07-19,福島,10,猪苗代特別,11,ヨシヒロ,https://db.netkeiba.com/horse/2022103405/,2022103405,牡,4,58.0,木幡育,,,0,2026/07/19,2福島8,猪苗代特別(2勝クラス),,8,11,芝2000,芝,2000,良,11.0,11,199.3,36.1,1.6,58,5-5-8-12,2:01.8,木幡育也,490(-4),晴,5.0,5.0,8.0,12.0
2026-07-19-01-10,202603020810,2026-07-19,福島,10,猪苗代特別,11,ヨシヒロ,https://db.netkeiba.com/horse/2022103405/,2022103405,牡,4,58.0,木幡育,,,1,2026/07/05,2福島4,白河特別(2勝クラス),,5,6,芝1800,芝,1800,良,12.0,11,175.4,35.6,2.1,58,11-11-11-11,1:49.5,木幡育也,494(-9),曇,11.0,11.0,11.0,11.0
2026-07-19-01-10,202603020810,2026-07-19,福島,10,猪苗代特別,11,ヨシヒロ,https://db.netkeiba.com/horse/2022103405/,2022103405,牡,4,58.0,木幡育,,,2,2026/02/25,浦和,梅見月特別(B3),,2,2,ダ1400,ダ,1400,重,13.0,10,40.4,37.0,2.0,56,13-13-13-13,1:31.7,澤田龍哉,503(-8),雨,13.0,13.0,13.0,13.0
2026-07-19-01-10,202603020810,2026-07-19,福島,10,猪苗代特別,11,ヨシヒロ,https://db.netkeiba.com/horse/2022103405/,2022103405,牡,4,58.0,木幡育,,,3,2026/02/09,船橋,アメジスト特別(B3),,6,10,ダ1600,ダ,1600,良,10.0,10,32.0,40.7,2.3,56,11-11-12-12,1:46.5,本田正重,511(+4),晴,11.0,11.0,12.0,12.0
2026-07-19-01-10,202603020810,2026-07-19,福島,10,猪苗代特別,11,ヨシヒロ,https://db.netkeiba.com/horse/2022103405/,2022103405,牡,4,58.0,木幡育,,,4,2026/01/19,船橋,初夢特別(B3),,3,3,ダ1600,ダ,1600,良,13.0,7,38.8,41.4,2.7,56,6-6-9-11,1:46.0,西啓太,507(+3),晴,6.0,6.0,9.0,11.0
2026-07-19-01-10,202603020810,2026-07-19,福島,10,猪苗代特別,11,ヨシヒロ,https://db.netkeiba.com/horse/2022103405/,2022103405,牡,4,58.0,木幡育,,,5,2025/12/08,船橋,柊特別(B3),,4,6,ダ1600,ダ,1600,良,8.0,5,8.0,40.9,3.6,56,8-8-6-6,1:45.1,桑村真明,504(+5),晴,8.0,8.0,6.0,6.0
2026-07-19-01-10,202603020810,2026-07-19,福島,10,猪苗代特別,11,ヨシヒロ,https://db.netkeiba.com/horse/2022103405/,2022103405,牡,4,58.0,木幡育,,,6,2025/08/28,船橋,勇魚特別(B3),,6,8,ダ1600,ダ,1600,良,7.0,2,8.0,38.7,0.6,55,4-5-5-5,1:43.2,張田昂,499(-3),晴,4.0,5.0,5.0,5.0
2026-07-19-01-10,202603020810,2026-07-19,福島,10,猪苗代特別,11,ヨシヒロ,https://db.netkeiba.com/horse/2022103405/,2022103405,牡,4,58.0,木幡育,,,7,2025/07/30,船橋,ナティビット特別(3歳C1),,3,3,ダ1600,ダ,1600,良,2.0,3,4.9,40.2,0.8,57,5-6-5-4,1:44.0,張田昂,502(-6),晴,5.0,6.0,5.0,4.0
2026-07-19-01-10,202603020810,2026-07-19,福島,10,猪苗代特別,11,ヨシヒロ,https://db.netkeiba.com/horse/2022103405/,2022103405,牡,4,58.0,木幡育,,,8,2025/07/05,船橋,麻綿原特別(3歳),,5,6,ダ1500,ダ,1500,良,4.0,3,5.6,38.9,0.1,57,5-5-5-3,1:35.9,張田昂,508(+7),晴,5.0,5.0,5.0,3.0
2026-07-19-01-10,202603020810,2026-07-19,福島,10,猪苗代特別,11,ヨシヒロ,https://db.netkeiba.com/horse/2022103405/,2022103405,牡,4,58.0,木幡育,,,9,2025/06/18,川崎,青葉木菟特別(3歳),,4,5,ダ1500,ダ,1500,良,2.0,2,4.2,40.6,0.3,56,8-7-5-4,1:36.6,張田昂,501(-6),晴,8.0,7.0,5.0,4.0
2026-07-19-01-10,202603020810,2026-07-19,福島,10,猪苗代特別,11,ヨシヒロ,https://db.netkeiba.com/horse/2022103405/,2022103405,牡,4,58.0,木幡育,,,10,2025/06/04,船橋,手賀沼特別(3歳),,5,6,ダ1500,ダ,1500,重,2.0,4,7.6,40.9,0.2,56,4-4-3-3,1:38.3,張田昂,507(+5),晴,4.0,4.0,3.0,3.0
2026-07-19-01-10,202603020810,2026-07-19,福島,10,猪苗代特別,11,ヨシヒロ,https://db.netkeiba.com/horse/2022103405/,2022103405,牡,4,58.0,木幡育,,,11,2025/05/13,川崎,大瑠璃賞(3歳),,7,9,ダ1500,ダ,1500,重,3.0,7,12.7,42.3,0.4,56,9-9-7-7,1:39.5,張田昂,502(-4),晴,9.0,9.0,7.0,7.0
2026-07-19-01-10,202603020810,2026-07-19,福島,10,猪苗代特別,11,ヨシヒロ,https://db.netkeiba.com/horse/2022103405/,2022103405,牡,4,58.0,木幡育,,,12,2025/03/12,船橋,花見月特別(3歳),,7,7,ダ1500,ダ,1500,稍,6.0,6,12.7,39.2,1.2,56,7-7-6-6,1:40.3,張田昂,506(-2),雨,7.0,7.0,6.0,6.0
2026-07-19-01-10,202603020810,2026-07-19,福島,10,猪苗代特別,11,ヨシヒロ,https://db.netkeiba.com/horse/2022103405/,2022103405,牡,4,58.0,木幡育,,,13,2025/02/25,浦和,3歳三,,8,12,ダ1400,ダ,1400,良,2.0,7,40.2,40.2,0.4,56,5-6-5-3,1:31.8,張田昂,508(+13),晴,5.0,6.0,5.0,3.0
2026-07-19-01-10,202603020810,2026-07-19,福島,10,猪苗代特別,11,ヨシヒロ,https://db.netkeiba.com/horse/2022103405/,2022103405,牡,4,58.0,木幡育,,,14,2024/10/28,船橋,サンストーン特別(2歳),,4,4,ダ1200,ダ,1200,重,7.0,6,15.7,42.3,4.1,55,6-6-6,1:20.1,張田昂,495(+3),曇,6.0,6.0,6.0,6.0
2026-07-19-01-10,202603020810,2026-07-19,福島,10,猪苗代特別,11,ヨシヒロ,https://db.netkeiba.com/horse/2022103405/,2022103405,牡,4,58.0,木幡育,,,15,2024/09/23,船橋,2歳　二組下,,7,9,ダ1500,ダ,1500,良,4.0,2,5.2,41.9,1.2,54,2-2-2-2,1:40.9,張田昂,492(0),晴,2.0,2.0,2.0,2.0
2026-07-19-01-10,202603020810,2026-07-19,福島,10,猪苗代特別,11,ヨシヒロ,https://db.netkeiba.com/horse/2022103405/,2022103405,牡,4,58.0,木幡育,,,16,2024/08/30,船橋,ハイビスカスデビュー(2歳),,4,4,ダ1200,ダ,1200,不,1.0,1,1.6,41.5,-1.5,54,1-1-1,1:18.4,張田昂,492(0),曇,1.0,1.0,1.0,1.0
2026-07-19-01-10,202603020810,2026-07-19,福島,10,猪苗代特別,12,バードウォッチャー,https://db.netkeiba.com/horse/2021105375/,2021105375,牡,5,58.0,津村,,,0,2026/07/19,2福島8,猪苗代特別(2勝クラス),,8,12,芝2000,芝,2000,良,5.0,6,23.2,35.9,1.0,58,6-7-4-4,2:01.2,津村明秀,476(+2),晴,6.0,7.0,4.0,4.0
2026-07-19-01-10,202603020810,2026-07-19,福島,10,猪苗代特別,12,バードウォッチャー,https://db.netkeiba.com/horse/2021105375/,2021105375,牡,5,58.0,津村,,,1,2026/05/17,1新潟6,信濃川特別(2勝クラス),,1,2,芝2000,芝,2000,良,14.0,11,38.6,35.2,1.1,58,1-1,2:01.8,横山琉人,474(-10),晴,1.0,1.0,,1.0
2026-07-19-01-10,202603020810,2026-07-19,福島,10,猪苗代特別,12,バードウォッチャー,https://db.netkeiba.com/horse/2021105375/,2021105375,牡,5,58.0,津村,,,2,2026/03/01,2中山2,富里特別(2勝クラス),,6,6,芝2000,芝,2000,良,6.0,5,14.8,35.6,1.7,58,6-6-4-4,1:59.4,三浦皇成,484(-2),晴,6.0,6.0,4.0,4.0
2026-07-19-01-10,202603020810,2026-07-19,福島,10,猪苗代特別,12,バードウォッチャー,https://db.netkeiba.com/horse/2021105375/,2021105375,牡,5,58.0,津村,,,3,2026/02/01,1東京2,4歳以上2勝クラス,,7,7,芝2000,芝,2000,良,4.0,6,66.0,34.5,0.4,58,2-2-2,1:58.1,荻野極,486(+2),晴,2.0,2.0,2.0,2.0
2026-07-19-01-10,202603020810,2026-07-19,福島,10,猪苗代特別,12,バードウォッチャー,https://db.netkeiba.com/horse/2021105375/,2021105375,牡,5,58.0,津村,,,4,2025/12/21,5中京6,名古屋日刊スポーツ杯(2勝クラス),,5,5,芝2000,芝,2000,稍,7.0,7,31.7,35.4,0.4,58,8-5-6-6,2:03.3,吉田隼人,484(0),雨,8.0,5.0,6.0,6.0
2026-07-19-01-10,202603020810,2026-07-19,福島,10,猪苗代特別,12,バードウォッチャー,https://db.netkeiba.com/horse/2021105375/,2021105375,牡,5,58.0,津村,,,5,2025/10/26,4新潟4,村上特別(2勝クラス),,3,5,芝2000,芝,2000,稍,7.0,8,25.0,35.8,1.0,58,9-9,2:01.4,吉田隼人,484(+4),雨,9.0,9.0,,9.0
2026-07-19-01-10,202603020810,2026-07-19,福島,10,猪苗代特別,12,バードウォッチャー,https://db.netkeiba.com/horse/2021105375/,2021105375,牡,5,58.0,津村,,,6,2025/10/04,4東京1,八ヶ岳特別(2勝クラス),,8,11,芝1800,芝,1800,良,5.0,9,77.8,33.1,0.5,58,8-9-9,1:45.9,吉田隼人,480(-6),曇,8.0,9.0,9.0,9.0
2026-07-19-01-10,202603020810,2026-07-19,福島,10,猪苗代特別,12,バードウォッチャー,https://db.netkeiba.com/horse/2021105375/,2021105375,牡,5,58.0,津村,,,7,2025/08/30,2札幌3,札幌日刊スポーツ杯(2勝クラス),,4,6,芝2000,芝,2000,稍,12.0,7,42.0,38.7,2.4,58,3-4-5-6,2:05.9,斎藤新,486(+2),曇,3.0,4.0,5.0,6.0
2026-07-19-01-10,202603020810,2026-07-19,福島,10,猪苗代特別,12,バードウォッチャー,https://db.netkeiba.com/horse/2021105375/,2021105375,牡,5,58.0,津村,,,8,2025/06/28,1函館5,洞爺湖特別(2勝クラス),,5,9,芝2000,芝,2000,良,8.0,10,36.1,35.1,0.8,58,10-10-10-11,2:00.2,吉田隼人,484(0),晴,10.0,10.0,10.0,11.0
2026-07-19-01-10,202603020810,2026-07-19,福島,10,猪苗代特別,12,バードウォッチャー,https://db.netkeiba.com/horse/2021105375/,2021105375,牡,5,58.0,津村,,,9,2025/05/18,1新潟6,信濃川特別(2勝クラス),,8,10,芝2000,芝,2000,良,10.0,6,8.8,35.1,1.4,58,10-10,2:02.8,小沢大仁,484(0),曇,10.0,10.0,,10.0
2026-07-19-01-10,202603020810,2026-07-19,福島,10,猪苗代特別,12,バードウォッチャー,https://db.netkeiba.com/horse/2021105375/,2021105375,牡,5,58.0,津村,,,10,2025/04/13,1福島2,4歳以上1勝クラス,,7,13,芝2000,芝,2000,良,1.0,3,6.0,35.2,-0.6,58,12-11-11-7,2:01.1,小沢大仁,484(+2),小雨,12.0,11.0,11.0,7.0
2026-07-19-01-10,202603020810,2026-07-19,福島,10,猪苗代特別,12,バードウォッチャー,https://db.netkeiba.com/horse/2021105375/,2021105375,牡,5,58.0,津村,,,11,2025/02/23,1東京8,4歳以上1勝クラス,,2,3,芝1800,芝,1800,良,8.0,5,10.4,34.2,0.8,57,12-12-12,1:47.6,幸英明,482(+2),晴,12.0,12.0,12.0,12.0
2026-07-19-01-10,202603020810,2026-07-19,福島,10,猪苗代特別,12,バードウォッチャー,https://db.netkeiba.com/horse/2021105375/,2021105375,牡,5,58.0,津村,,,12,2025/02/01,1東京1,4歳以上1勝クラス,,5,10,芝1800,芝,1800,良,4.0,5,20.0,33.5,0.5,57,11-11-11,1:47.2,幸英明,480(-6),曇,11.0,11.0,11.0,11.0
2026-07-19-01-10,202603020810,2026-07-19,福島,10,猪苗代特別,12,バードウォッチャー,https://db.netkeiba.com/horse/2021105375/,2021105375,牡,5,58.0,津村,,,13,2024/12/28,5中山9,3歳以上1勝クラス,,3,6,芝1800,芝,1800,良,7.0,4,7.1,35.2,0.7,57,12-12-12-12,1:48.6,武豊,486(+2),晴,12.0,12.0,12.0,12.0
2026-07-19-01-10,202603020810,2026-07-19,福島,10,猪苗代特別,12,バードウォッチャー,https://db.netkeiba.com/horse/2021105375/,2021105375,牡,5,58.0,津村,,,14,2024/12/07,5中山3,3歳以上1勝クラス,,7,13,芝1800,芝,1800,良,4.0,5,11.9,33.9,0.3,57,14-13-14-12,1:48.0,荻野極,484(0),晴,14.0,13.0,14.0,12.0
2026-07-19-01-10,202603020810,2026-07-19,福島,10,猪苗代特別,12,バードウォッチャー,https://db.netkeiba.com/horse/2021105375/,2021105375,牡,5,58.0,津村,,,15,2024/08/31,3新潟7,瓢湖特別(1勝クラス),,3,3,芝2200,芝,2200,稍,8.0,2,4.5,36.3,0.9,55,6-6-7-10,2:16.5,北村宏司,484(+6),雨,6.0,6.0,7.0,10.0
2026-07-19-01-10,202603020810,2026-07-19,福島,10,猪苗代特別,12,バードウォッチャー,https://db.netkeiba.com/horse/2021105375/,2021105375,牡,5,58.0,津村,,,16,2024/06/15,3東京5,3歳以上1勝クラス,,2,2,芝2400,芝,2400,良,4.0,5,14.2,34.6,0.9,54,3-3-2-2,2:25.5,北村宏司,478(0),晴,3.0,3.0,2.0,2.0
2026-07-19-01-10,202603020810,2026-07-19,福島,10,猪苗代特別,12,バードウォッチャー,https://db.netkeiba.com/horse/2021105375/,2021105375,牡,5,58.0,津村,,,17,2024/05/12,2東京8,3歳1勝クラス,,1,1,芝1800,芝,1800,良,8.0,7,13.3,34.1,0.9,57,9-8-8,1:46.4,オシェア,478(-2),曇,9.0,8.0,8.0,8.0
2026-07-19-01-10,202603020810,2026-07-19,福島,10,猪苗代特別,12,バードウォッチャー,https://db.netkeiba.com/horse/2021105375/,2021105375,牡,5,58.0,津村,,,18,2024/02/17,1東京7,フリージア賞(1勝クラス),,2,2,芝2000,芝,2000,良,8.0,2,4.5,33.7,0.3,57,7-8-8,2:00.6,キング,480(-6),曇,7.0,8.0,8.0,8.0
2026-07-19-01-10,202603020810,2026-07-19,福島,10,猪苗代特別,12,バードウォッチャー,https://db.netkeiba.com/horse/2021105375/,2021105375,牡,5,58.0,津村,,,19,2024/01/14,1中山5,京成杯(GIII),,2,2,芝2000,芝,2000,良,7.0,3,4.8,34.5,0.5,57,9-8-5-6,2:01.0,ルメール,486(+10),晴,9.0,8.0,5.0,6.0
2026-07-19-01-10,202603020810,2026-07-19,福島,10,猪苗代特別,12,バードウォッチャー,https://db.netkeiba.com/horse/2021105375/,2021105375,牡,5,58.0,津村,,,20,2023/11/11,5東京3,2歳新馬,,5,6,芝1800,芝,1800,良,1.0,1,2.7,33.5,-0.2,56,7-9-9,1:50.3,ルメール,476(0),曇,7.0,9.0,9.0,9.0
